--
-- PostgreSQL database dump
--

-- Dumped from database version 9.5.3
-- Dumped by pg_dump version 9.5.3

SET statement_timeout = 0;
SET lock_timeout = 0;
SET client_encoding = 'UTF8';
SET standard_conforming_strings = on;
SET check_function_bodies = false;
SET client_min_messages = warning;
SET row_security = off;

--
-- Name: plpgsql; Type: EXTENSION; Schema: -; Owner: 
--

CREATE EXTENSION IF NOT EXISTS plpgsql WITH SCHEMA pg_catalog;


--
-- Name: EXTENSION plpgsql; Type: COMMENT; Schema: -; Owner: 
--

COMMENT ON EXTENSION plpgsql IS 'PL/pgSQL procedural language';


SET search_path = public, pg_catalog;

SET default_tablespace = '';

SET default_with_oids = false;

--
-- Name: areas; Type: TABLE; Schema: public; Owner: nguyenngocson0811
--

CREATE TABLE areas (
    id integer NOT NULL,
    name character varying,
    level integer,
    description text,
    created_at timestamp without time zone NOT NULL,
    updated_at timestamp without time zone NOT NULL,
    parent_id integer,
    areatype_id integer,
    display_order integer
);


ALTER TABLE areas OWNER TO nguyenngocson0811;

--
-- Name: areas_articles; Type: TABLE; Schema: public; Owner: nguyenngocson0811
--

CREATE TABLE areas_articles (
    id integer NOT NULL,
    area_id integer,
    article_id integer,
    created_at timestamp without time zone NOT NULL,
    updated_at timestamp without time zone NOT NULL
);


ALTER TABLE areas_articles OWNER TO nguyenngocson0811;

--
-- Name: areas_articles_id_seq; Type: SEQUENCE; Schema: public; Owner: nguyenngocson0811
--

CREATE SEQUENCE areas_articles_id_seq
    START WITH 1
    INCREMENT BY 1
    NO MINVALUE
    NO MAXVALUE
    CACHE 1;


ALTER TABLE areas_articles_id_seq OWNER TO nguyenngocson0811;

--
-- Name: areas_articles_id_seq; Type: SEQUENCE OWNED BY; Schema: public; Owner: nguyenngocson0811
--

ALTER SEQUENCE areas_articles_id_seq OWNED BY areas_articles.id;


--
-- Name: areas_id_seq; Type: SEQUENCE; Schema: public; Owner: nguyenngocson0811
--

CREATE SEQUENCE areas_id_seq
    START WITH 1
    INCREMENT BY 1
    NO MINVALUE
    NO MAXVALUE
    CACHE 1;


ALTER TABLE areas_id_seq OWNER TO nguyenngocson0811;

--
-- Name: areas_id_seq; Type: SEQUENCE OWNED BY; Schema: public; Owner: nguyenngocson0811
--

ALTER SEQUENCE areas_id_seq OWNED BY areas.id;


--
-- Name: areas_products; Type: TABLE; Schema: public; Owner: nguyenngocson0811
--

CREATE TABLE areas_products (
    id integer NOT NULL,
    area_id integer,
    product_id integer,
    created_at timestamp without time zone NOT NULL,
    updated_at timestamp without time zone NOT NULL
);


ALTER TABLE areas_products OWNER TO nguyenngocson0811;

--
-- Name: areas_products_id_seq; Type: SEQUENCE; Schema: public; Owner: nguyenngocson0811
--

CREATE SEQUENCE areas_products_id_seq
    START WITH 1
    INCREMENT BY 1
    NO MINVALUE
    NO MAXVALUE
    CACHE 1;


ALTER TABLE areas_products_id_seq OWNER TO nguyenngocson0811;

--
-- Name: areas_products_id_seq; Type: SEQUENCE OWNED BY; Schema: public; Owner: nguyenngocson0811
--

ALTER SEQUENCE areas_products_id_seq OWNED BY areas_products.id;


--
-- Name: article_categories; Type: TABLE; Schema: public; Owner: nguyenngocson0811
--

CREATE TABLE article_categories (
    id integer NOT NULL,
    name character varying,
    description text,
    created_at timestamp without time zone NOT NULL,
    updated_at timestamp without time zone NOT NULL,
    level integer,
    meta_keywords character varying,
    meta_description text,
    name_vi character varying,
    description_vi character varying
);


ALTER TABLE article_categories OWNER TO nguyenngocson0811;

--
-- Name: article_categories_articles; Type: TABLE; Schema: public; Owner: nguyenngocson0811
--

CREATE TABLE article_categories_articles (
    id integer NOT NULL,
    article_id integer,
    article_category_id integer,
    created_at timestamp without time zone NOT NULL,
    updated_at timestamp without time zone NOT NULL
);


ALTER TABLE article_categories_articles OWNER TO nguyenngocson0811;

--
-- Name: article_categories_articles_id_seq; Type: SEQUENCE; Schema: public; Owner: nguyenngocson0811
--

CREATE SEQUENCE article_categories_articles_id_seq
    START WITH 1
    INCREMENT BY 1
    NO MINVALUE
    NO MAXVALUE
    CACHE 1;


ALTER TABLE article_categories_articles_id_seq OWNER TO nguyenngocson0811;

--
-- Name: article_categories_articles_id_seq; Type: SEQUENCE OWNED BY; Schema: public; Owner: nguyenngocson0811
--

ALTER SEQUENCE article_categories_articles_id_seq OWNED BY article_categories_articles.id;


--
-- Name: article_categories_id_seq; Type: SEQUENCE; Schema: public; Owner: nguyenngocson0811
--

CREATE SEQUENCE article_categories_id_seq
    START WITH 1
    INCREMENT BY 1
    NO MINVALUE
    NO MAXVALUE
    CACHE 1;


ALTER TABLE article_categories_id_seq OWNER TO nguyenngocson0811;

--
-- Name: article_categories_id_seq; Type: SEQUENCE OWNED BY; Schema: public; Owner: nguyenngocson0811
--

ALTER SEQUENCE article_categories_id_seq OWNED BY article_categories.id;


--
-- Name: articles; Type: TABLE; Schema: public; Owner: nguyenngocson0811
--

CREATE TABLE articles (
    id integer NOT NULL,
    image_url character varying,
    title character varying,
    content text,
    tags character varying,
    article_category_id integer,
    created_at timestamp without time zone NOT NULL,
    updated_at timestamp without time zone NOT NULL,
    code_status_id integer,
    meta_keywords character varying,
    meta_description text,
    is_show boolean DEFAULT false,
    page_layout character varying,
    user_id integer,
    approved boolean DEFAULT false,
    image_url_full_width character varying,
    title_vi character varying,
    content_vi character varying
);


ALTER TABLE articles OWNER TO nguyenngocson0811;

--
-- Name: articles_id_seq; Type: SEQUENCE; Schema: public; Owner: nguyenngocson0811
--

CREATE SEQUENCE articles_id_seq
    START WITH 1
    INCREMENT BY 1
    NO MINVALUE
    NO MAXVALUE
    CACHE 1;


ALTER TABLE articles_id_seq OWNER TO nguyenngocson0811;

--
-- Name: articles_id_seq; Type: SEQUENCE OWNED BY; Schema: public; Owner: nguyenngocson0811
--

ALTER SEQUENCE articles_id_seq OWNED BY articles.id;


--
-- Name: articles_products; Type: TABLE; Schema: public; Owner: nguyenngocson0811
--

CREATE TABLE articles_products (
    id integer NOT NULL,
    article_id integer,
    product_id integer,
    created_at timestamp without time zone NOT NULL,
    updated_at timestamp without time zone NOT NULL
);


ALTER TABLE articles_products OWNER TO nguyenngocson0811;

--
-- Name: articles_products_id_seq; Type: SEQUENCE; Schema: public; Owner: nguyenngocson0811
--

CREATE SEQUENCE articles_products_id_seq
    START WITH 1
    INCREMENT BY 1
    NO MINVALUE
    NO MAXVALUE
    CACHE 1;


ALTER TABLE articles_products_id_seq OWNER TO nguyenngocson0811;

--
-- Name: articles_products_id_seq; Type: SEQUENCE OWNED BY; Schema: public; Owner: nguyenngocson0811
--

ALTER SEQUENCE articles_products_id_seq OWNED BY articles_products.id;


--
-- Name: booking_cars; Type: TABLE; Schema: public; Owner: nguyenngocson0811
--

CREATE TABLE booking_cars (
    id integer NOT NULL,
    full_name character varying,
    address character varying,
    phone character varying,
    email character varying,
    date_from timestamp without time zone,
    date_to timestamp without time zone,
    address_from character varying,
    address_to character varying,
    created_at timestamp without time zone NOT NULL,
    updated_at timestamp without time zone NOT NULL
);


ALTER TABLE booking_cars OWNER TO nguyenngocson0811;

--
-- Name: booking_cars_id_seq; Type: SEQUENCE; Schema: public; Owner: nguyenngocson0811
--

CREATE SEQUENCE booking_cars_id_seq
    START WITH 1
    INCREMENT BY 1
    NO MINVALUE
    NO MAXVALUE
    CACHE 1;


ALTER TABLE booking_cars_id_seq OWNER TO nguyenngocson0811;

--
-- Name: booking_cars_id_seq; Type: SEQUENCE OWNED BY; Schema: public; Owner: nguyenngocson0811
--

ALTER SEQUENCE booking_cars_id_seq OWNED BY booking_cars.id;


--
-- Name: booking_hotels; Type: TABLE; Schema: public; Owner: nguyenngocson0811
--

CREATE TABLE booking_hotels (
    id integer NOT NULL,
    full_name character varying,
    phone character varying,
    email character varying,
    date_from timestamp without time zone,
    date_to timestamp without time zone,
    adult integer,
    child integer,
    room_number integer,
    hotel_room_id integer,
    hotel_room_name character varying,
    price numeric,
    created_at timestamp without time zone NOT NULL,
    updated_at timestamp without time zone NOT NULL,
    hotel_id integer
);


ALTER TABLE booking_hotels OWNER TO nguyenngocson0811;

--
-- Name: booking_hotels_id_seq; Type: SEQUENCE; Schema: public; Owner: nguyenngocson0811
--

CREATE SEQUENCE booking_hotels_id_seq
    START WITH 1
    INCREMENT BY 1
    NO MINVALUE
    NO MAXVALUE
    CACHE 1;


ALTER TABLE booking_hotels_id_seq OWNER TO nguyenngocson0811;

--
-- Name: booking_hotels_id_seq; Type: SEQUENCE OWNED BY; Schema: public; Owner: nguyenngocson0811
--

ALTER SEQUENCE booking_hotels_id_seq OWNED BY booking_hotels.id;


--
-- Name: cars; Type: TABLE; Schema: public; Owner: nguyenngocson0811
--

CREATE TABLE cars (
    id integer NOT NULL,
    image_url character varying,
    name character varying,
    price numeric,
    description text,
    content text,
    manufacturer_id integer,
    article_category_id integer,
    created_at timestamp without time zone NOT NULL,
    updated_at timestamp without time zone NOT NULL
);


ALTER TABLE cars OWNER TO nguyenngocson0811;

--
-- Name: cars_id_seq; Type: SEQUENCE; Schema: public; Owner: nguyenngocson0811
--

CREATE SEQUENCE cars_id_seq
    START WITH 1
    INCREMENT BY 1
    NO MINVALUE
    NO MAXVALUE
    CACHE 1;


ALTER TABLE cars_id_seq OWNER TO nguyenngocson0811;

--
-- Name: cars_id_seq; Type: SEQUENCE OWNED BY; Schema: public; Owner: nguyenngocson0811
--

ALTER SEQUENCE cars_id_seq OWNED BY cars.id;


--
-- Name: carts; Type: TABLE; Schema: public; Owner: nguyenngocson0811
--

CREATE TABLE carts (
    id integer NOT NULL,
    created_at timestamp without time zone NOT NULL,
    updated_at timestamp without time zone NOT NULL,
    voucher_code character varying,
    coupon_code character varying
);


ALTER TABLE carts OWNER TO nguyenngocson0811;

--
-- Name: carts_id_seq; Type: SEQUENCE; Schema: public; Owner: nguyenngocson0811
--

CREATE SEQUENCE carts_id_seq
    START WITH 1
    INCREMENT BY 1
    NO MINVALUE
    NO MAXVALUE
    CACHE 1;


ALTER TABLE carts_id_seq OWNER TO nguyenngocson0811;

--
-- Name: carts_id_seq; Type: SEQUENCE OWNED BY; Schema: public; Owner: nguyenngocson0811
--

ALTER SEQUENCE carts_id_seq OWNED BY carts.id;


--
-- Name: categories; Type: TABLE; Schema: public; Owner: nguyenngocson0811
--

CREATE TABLE categories (
    id integer NOT NULL,
    name character varying,
    level integer,
    description text,
    created_at timestamp without time zone NOT NULL,
    updated_at timestamp without time zone NOT NULL,
    ordered integer,
    meta_keywords character varying,
    meta_description text
);


ALTER TABLE categories OWNER TO nguyenngocson0811;

--
-- Name: categories_id_seq; Type: SEQUENCE; Schema: public; Owner: nguyenngocson0811
--

CREATE SEQUENCE categories_id_seq
    START WITH 1
    INCREMENT BY 1
    NO MINVALUE
    NO MAXVALUE
    CACHE 1;


ALTER TABLE categories_id_seq OWNER TO nguyenngocson0811;

--
-- Name: categories_id_seq; Type: SEQUENCE OWNED BY; Schema: public; Owner: nguyenngocson0811
--

ALTER SEQUENCE categories_id_seq OWNED BY categories.id;


--
-- Name: categories_products; Type: TABLE; Schema: public; Owner: nguyenngocson0811
--

CREATE TABLE categories_products (
    id integer NOT NULL,
    product_id integer,
    category_id integer,
    created_at timestamp without time zone NOT NULL,
    updated_at timestamp without time zone NOT NULL
);


ALTER TABLE categories_products OWNER TO nguyenngocson0811;

--
-- Name: categories_products_id_seq; Type: SEQUENCE; Schema: public; Owner: nguyenngocson0811
--

CREATE SEQUENCE categories_products_id_seq
    START WITH 1
    INCREMENT BY 1
    NO MINVALUE
    NO MAXVALUE
    CACHE 1;


ALTER TABLE categories_products_id_seq OWNER TO nguyenngocson0811;

--
-- Name: categories_products_id_seq; Type: SEQUENCE OWNED BY; Schema: public; Owner: nguyenngocson0811
--

ALTER SEQUENCE categories_products_id_seq OWNED BY categories_products.id;


--
-- Name: code_statuses; Type: TABLE; Schema: public; Owner: nguyenngocson0811
--

CREATE TABLE code_statuses (
    id integer NOT NULL,
    title character varying,
    description text,
    created_at timestamp without time zone NOT NULL,
    updated_at timestamp without time zone NOT NULL
);


ALTER TABLE code_statuses OWNER TO nguyenngocson0811;

--
-- Name: code_statuses_id_seq; Type: SEQUENCE; Schema: public; Owner: nguyenngocson0811
--

CREATE SEQUENCE code_statuses_id_seq
    START WITH 1
    INCREMENT BY 1
    NO MINVALUE
    NO MAXVALUE
    CACHE 1;


ALTER TABLE code_statuses_id_seq OWNER TO nguyenngocson0811;

--
-- Name: code_statuses_id_seq; Type: SEQUENCE OWNED BY; Schema: public; Owner: nguyenngocson0811
--

ALTER SEQUENCE code_statuses_id_seq OWNED BY code_statuses.id;


--
-- Name: comment_articles; Type: TABLE; Schema: public; Owner: nguyenngocson0811
--

CREATE TABLE comment_articles (
    id integer NOT NULL,
    name character varying,
    email character varying,
    content text,
    user_id integer,
    article_id integer,
    created_at timestamp without time zone NOT NULL,
    updated_at timestamp without time zone NOT NULL,
    parent_id integer DEFAULT '-1'::integer
);


ALTER TABLE comment_articles OWNER TO nguyenngocson0811;

--
-- Name: comment_articles_id_seq; Type: SEQUENCE; Schema: public; Owner: nguyenngocson0811
--

CREATE SEQUENCE comment_articles_id_seq
    START WITH 1
    INCREMENT BY 1
    NO MINVALUE
    NO MAXVALUE
    CACHE 1;


ALTER TABLE comment_articles_id_seq OWNER TO nguyenngocson0811;

--
-- Name: comment_articles_id_seq; Type: SEQUENCE OWNED BY; Schema: public; Owner: nguyenngocson0811
--

ALTER SEQUENCE comment_articles_id_seq OWNED BY comment_articles.id;


--
-- Name: comments; Type: TABLE; Schema: public; Owner: nguyenngocson0811
--

CREATE TABLE comments (
    id integer NOT NULL,
    product_id integer,
    name character varying,
    content text,
    star integer,
    user_id integer,
    created_at timestamp without time zone NOT NULL,
    updated_at timestamp without time zone NOT NULL
);


ALTER TABLE comments OWNER TO nguyenngocson0811;

--
-- Name: comments_id_seq; Type: SEQUENCE; Schema: public; Owner: nguyenngocson0811
--

CREATE SEQUENCE comments_id_seq
    START WITH 1
    INCREMENT BY 1
    NO MINVALUE
    NO MAXVALUE
    CACHE 1;


ALTER TABLE comments_id_seq OWNER TO nguyenngocson0811;

--
-- Name: comments_id_seq; Type: SEQUENCE OWNED BY; Schema: public; Owner: nguyenngocson0811
--

ALTER SEQUENCE comments_id_seq OWNED BY comments.id;


--
-- Name: companies; Type: TABLE; Schema: public; Owner: nguyenngocson0811
--

CREATE TABLE companies (
    id integer NOT NULL,
    image_url character varying,
    name character varying,
    head_office_address character varying,
    certificate_no character varying,
    date_of_issue timestamp without time zone,
    sales_office_address character varying,
    phone character varying,
    hotline character varying,
    email character varying,
    created_at timestamp without time zone NOT NULL,
    updated_at timestamp without time zone NOT NULL,
    head_area_id integer,
    branch_area_id integer,
    type_company character varying,
    fax character varying,
    representative character varying,
    issued_by character varying,
    hotline_2 character varying
);


ALTER TABLE companies OWNER TO nguyenngocson0811;

--
-- Name: companies_id_seq; Type: SEQUENCE; Schema: public; Owner: nguyenngocson0811
--

CREATE SEQUENCE companies_id_seq
    START WITH 1
    INCREMENT BY 1
    NO MINVALUE
    NO MAXVALUE
    CACHE 1;


ALTER TABLE companies_id_seq OWNER TO nguyenngocson0811;

--
-- Name: companies_id_seq; Type: SEQUENCE OWNED BY; Schema: public; Owner: nguyenngocson0811
--

ALTER SEQUENCE companies_id_seq OWNED BY companies.id;


--
-- Name: compares; Type: TABLE; Schema: public; Owner: nguyenngocson0811
--

CREATE TABLE compares (
    id integer NOT NULL,
    created_at timestamp without time zone NOT NULL,
    updated_at timestamp without time zone NOT NULL
);


ALTER TABLE compares OWNER TO nguyenngocson0811;

--
-- Name: compares_id_seq; Type: SEQUENCE; Schema: public; Owner: nguyenngocson0811
--

CREATE SEQUENCE compares_id_seq
    START WITH 1
    INCREMENT BY 1
    NO MINVALUE
    NO MAXVALUE
    CACHE 1;


ALTER TABLE compares_id_seq OWNER TO nguyenngocson0811;

--
-- Name: compares_id_seq; Type: SEQUENCE OWNED BY; Schema: public; Owner: nguyenngocson0811
--

ALTER SEQUENCE compares_id_seq OWNED BY compares.id;


--
-- Name: contacts; Type: TABLE; Schema: public; Owner: nguyenngocson0811
--

CREATE TABLE contacts (
    id integer NOT NULL,
    name character varying,
    email character varying,
    message text,
    created_at timestamp without time zone NOT NULL,
    updated_at timestamp without time zone NOT NULL,
    user_id integer,
    phone character varying,
    subject character varying
);


ALTER TABLE contacts OWNER TO nguyenngocson0811;

--
-- Name: contacts_id_seq; Type: SEQUENCE; Schema: public; Owner: nguyenngocson0811
--

CREATE SEQUENCE contacts_id_seq
    START WITH 1
    INCREMENT BY 1
    NO MINVALUE
    NO MAXVALUE
    CACHE 1;


ALTER TABLE contacts_id_seq OWNER TO nguyenngocson0811;

--
-- Name: contacts_id_seq; Type: SEQUENCE OWNED BY; Schema: public; Owner: nguyenngocson0811
--

ALTER SEQUENCE contacts_id_seq OWNED BY contacts.id;


--
-- Name: conversations; Type: TABLE; Schema: public; Owner: nguyenngocson0811
--

CREATE TABLE conversations (
    id integer NOT NULL,
    sender_id integer,
    recipient_id integer,
    created_at timestamp without time zone NOT NULL,
    updated_at timestamp without time zone NOT NULL
);


ALTER TABLE conversations OWNER TO nguyenngocson0811;

--
-- Name: conversations_id_seq; Type: SEQUENCE; Schema: public; Owner: nguyenngocson0811
--

CREATE SEQUENCE conversations_id_seq
    START WITH 1
    INCREMENT BY 1
    NO MINVALUE
    NO MAXVALUE
    CACHE 1;


ALTER TABLE conversations_id_seq OWNER TO nguyenngocson0811;

--
-- Name: conversations_id_seq; Type: SEQUENCE OWNED BY; Schema: public; Owner: nguyenngocson0811
--

ALTER SEQUENCE conversations_id_seq OWNED BY conversations.id;


--
-- Name: coupons; Type: TABLE; Schema: public; Owner: nguyenngocson0811
--

CREATE TABLE coupons (
    id integer NOT NULL,
    name character varying,
    code character varying,
    from_date timestamp without time zone,
    to_date timestamp without time zone,
    description text,
    quantity integer,
    created_at timestamp without time zone NOT NULL,
    updated_at timestamp without time zone NOT NULL,
    price numeric
);


ALTER TABLE coupons OWNER TO nguyenngocson0811;

--
-- Name: coupons_id_seq; Type: SEQUENCE; Schema: public; Owner: nguyenngocson0811
--

CREATE SEQUENCE coupons_id_seq
    START WITH 1
    INCREMENT BY 1
    NO MINVALUE
    NO MAXVALUE
    CACHE 1;


ALTER TABLE coupons_id_seq OWNER TO nguyenngocson0811;

--
-- Name: coupons_id_seq; Type: SEQUENCE OWNED BY; Schema: public; Owner: nguyenngocson0811
--

ALTER SEQUENCE coupons_id_seq OWNED BY coupons.id;


--
-- Name: customers; Type: TABLE; Schema: public; Owner: nguyenngocson0811
--

CREATE TABLE customers (
    id integer NOT NULL,
    first_name character varying,
    last_name character varying,
    email character varying,
    phone character varying,
    company character varying,
    address character varying,
    city character varying,
    zip_code integer,
    country character varying,
    province character varying,
    created_at timestamp without time zone NOT NULL,
    updated_at timestamp without time zone NOT NULL,
    order_id integer,
    area_id integer
);


ALTER TABLE customers OWNER TO nguyenngocson0811;

--
-- Name: customers_id_seq; Type: SEQUENCE; Schema: public; Owner: nguyenngocson0811
--

CREATE SEQUENCE customers_id_seq
    START WITH 1
    INCREMENT BY 1
    NO MINVALUE
    NO MAXVALUE
    CACHE 1;


ALTER TABLE customers_id_seq OWNER TO nguyenngocson0811;

--
-- Name: customers_id_seq; Type: SEQUENCE OWNED BY; Schema: public; Owner: nguyenngocson0811
--

ALTER SEQUENCE customers_id_seq OWNED BY customers.id;


--
-- Name: delivery_methods; Type: TABLE; Schema: public; Owner: nguyenngocson0811
--

CREATE TABLE delivery_methods (
    id integer NOT NULL,
    title character varying,
    description text,
    created_at timestamp without time zone NOT NULL,
    updated_at timestamp without time zone NOT NULL
);


ALTER TABLE delivery_methods OWNER TO nguyenngocson0811;

--
-- Name: delivery_methods_id_seq; Type: SEQUENCE; Schema: public; Owner: nguyenngocson0811
--

CREATE SEQUENCE delivery_methods_id_seq
    START WITH 1
    INCREMENT BY 1
    NO MINVALUE
    NO MAXVALUE
    CACHE 1;


ALTER TABLE delivery_methods_id_seq OWNER TO nguyenngocson0811;

--
-- Name: delivery_methods_id_seq; Type: SEQUENCE OWNED BY; Schema: public; Owner: nguyenngocson0811
--

ALTER SEQUENCE delivery_methods_id_seq OWNED BY delivery_methods.id;


--
-- Name: feedbacks; Type: TABLE; Schema: public; Owner: nguyenngocson0811
--

CREATE TABLE feedbacks (
    id integer NOT NULL,
    email character varying,
    content text,
    created_at timestamp without time zone NOT NULL,
    updated_at timestamp without time zone NOT NULL
);


ALTER TABLE feedbacks OWNER TO nguyenngocson0811;

--
-- Name: feedbacks_id_seq; Type: SEQUENCE; Schema: public; Owner: nguyenngocson0811
--

CREATE SEQUENCE feedbacks_id_seq
    START WITH 1
    INCREMENT BY 1
    NO MINVALUE
    NO MAXVALUE
    CACHE 1;


ALTER TABLE feedbacks_id_seq OWNER TO nguyenngocson0811;

--
-- Name: feedbacks_id_seq; Type: SEQUENCE OWNED BY; Schema: public; Owner: nguyenngocson0811
--

ALTER SEQUENCE feedbacks_id_seq OWNED BY feedbacks.id;


--
-- Name: hotel_images; Type: TABLE; Schema: public; Owner: nguyenngocson0811
--

CREATE TABLE hotel_images (
    id integer NOT NULL,
    image_url character varying,
    hotel_id integer,
    created_at timestamp without time zone NOT NULL,
    updated_at timestamp without time zone NOT NULL
);


ALTER TABLE hotel_images OWNER TO nguyenngocson0811;

--
-- Name: hotel_images_id_seq; Type: SEQUENCE; Schema: public; Owner: nguyenngocson0811
--

CREATE SEQUENCE hotel_images_id_seq
    START WITH 1
    INCREMENT BY 1
    NO MINVALUE
    NO MAXVALUE
    CACHE 1;


ALTER TABLE hotel_images_id_seq OWNER TO nguyenngocson0811;

--
-- Name: hotel_images_id_seq; Type: SEQUENCE OWNED BY; Schema: public; Owner: nguyenngocson0811
--

ALTER SEQUENCE hotel_images_id_seq OWNED BY hotel_images.id;


--
-- Name: hotel_rooms; Type: TABLE; Schema: public; Owner: nguyenngocson0811
--

CREATE TABLE hotel_rooms (
    id integer NOT NULL,
    image_url character varying,
    room_type character varying,
    price character varying,
    people_number numeric,
    bed_number numeric,
    hotel_id integer,
    created_at timestamp without time zone NOT NULL,
    updated_at timestamp without time zone NOT NULL
);


ALTER TABLE hotel_rooms OWNER TO nguyenngocson0811;

--
-- Name: hotel_rooms_id_seq; Type: SEQUENCE; Schema: public; Owner: nguyenngocson0811
--

CREATE SEQUENCE hotel_rooms_id_seq
    START WITH 1
    INCREMENT BY 1
    NO MINVALUE
    NO MAXVALUE
    CACHE 1;


ALTER TABLE hotel_rooms_id_seq OWNER TO nguyenngocson0811;

--
-- Name: hotel_rooms_id_seq; Type: SEQUENCE OWNED BY; Schema: public; Owner: nguyenngocson0811
--

ALTER SEQUENCE hotel_rooms_id_seq OWNED BY hotel_rooms.id;


--
-- Name: hotels; Type: TABLE; Schema: public; Owner: nguyenngocson0811
--

CREATE TABLE hotels (
    id integer NOT NULL,
    image_url character varying,
    name character varying,
    hotel_type character varying,
    address character varying,
    "position" character varying,
    area_id integer,
    avg_price numeric,
    services character varying,
    content text,
    created_at timestamp without time zone NOT NULL,
    updated_at timestamp without time zone NOT NULL
);


ALTER TABLE hotels OWNER TO nguyenngocson0811;

--
-- Name: hotels_id_seq; Type: SEQUENCE; Schema: public; Owner: nguyenngocson0811
--

CREATE SEQUENCE hotels_id_seq
    START WITH 1
    INCREMENT BY 1
    NO MINVALUE
    NO MAXVALUE
    CACHE 1;


ALTER TABLE hotels_id_seq OWNER TO nguyenngocson0811;

--
-- Name: hotels_id_seq; Type: SEQUENCE OWNED BY; Schema: public; Owner: nguyenngocson0811
--

ALTER SEQUENCE hotels_id_seq OWNED BY hotels.id;


--
-- Name: line_item_compares; Type: TABLE; Schema: public; Owner: nguyenngocson0811
--

CREATE TABLE line_item_compares (
    id integer NOT NULL,
    product_id integer,
    compare_id integer,
    created_at timestamp without time zone NOT NULL,
    updated_at timestamp without time zone NOT NULL
);


ALTER TABLE line_item_compares OWNER TO nguyenngocson0811;

--
-- Name: line_item_compares_id_seq; Type: SEQUENCE; Schema: public; Owner: nguyenngocson0811
--

CREATE SEQUENCE line_item_compares_id_seq
    START WITH 1
    INCREMENT BY 1
    NO MINVALUE
    NO MAXVALUE
    CACHE 1;


ALTER TABLE line_item_compares_id_seq OWNER TO nguyenngocson0811;

--
-- Name: line_item_compares_id_seq; Type: SEQUENCE OWNED BY; Schema: public; Owner: nguyenngocson0811
--

ALTER SEQUENCE line_item_compares_id_seq OWNED BY line_item_compares.id;


--
-- Name: line_items; Type: TABLE; Schema: public; Owner: nguyenngocson0811
--

CREATE TABLE line_items (
    id integer NOT NULL,
    product_id integer,
    cart_id integer,
    created_at timestamp without time zone NOT NULL,
    updated_at timestamp without time zone NOT NULL,
    quantity integer DEFAULT 1
);


ALTER TABLE line_items OWNER TO nguyenngocson0811;

--
-- Name: line_items_id_seq; Type: SEQUENCE; Schema: public; Owner: nguyenngocson0811
--

CREATE SEQUENCE line_items_id_seq
    START WITH 1
    INCREMENT BY 1
    NO MINVALUE
    NO MAXVALUE
    CACHE 1;


ALTER TABLE line_items_id_seq OWNER TO nguyenngocson0811;

--
-- Name: line_items_id_seq; Type: SEQUENCE OWNED BY; Schema: public; Owner: nguyenngocson0811
--

ALTER SEQUENCE line_items_id_seq OWNED BY line_items.id;


--
-- Name: manufacturers; Type: TABLE; Schema: public; Owner: nguyenngocson0811
--

CREATE TABLE manufacturers (
    id integer NOT NULL,
    image_url character varying,
    name character varying,
    address character varying,
    description text,
    created_at timestamp without time zone NOT NULL,
    updated_at timestamp without time zone NOT NULL
);


ALTER TABLE manufacturers OWNER TO nguyenngocson0811;

--
-- Name: manufacturers_id_seq; Type: SEQUENCE; Schema: public; Owner: nguyenngocson0811
--

CREATE SEQUENCE manufacturers_id_seq
    START WITH 1
    INCREMENT BY 1
    NO MINVALUE
    NO MAXVALUE
    CACHE 1;


ALTER TABLE manufacturers_id_seq OWNER TO nguyenngocson0811;

--
-- Name: manufacturers_id_seq; Type: SEQUENCE OWNED BY; Schema: public; Owner: nguyenngocson0811
--

ALTER SEQUENCE manufacturers_id_seq OWNED BY manufacturers.id;


--
-- Name: messages; Type: TABLE; Schema: public; Owner: nguyenngocson0811
--

CREATE TABLE messages (
    id integer NOT NULL,
    body text,
    conversation_id integer,
    user_id integer,
    created_at timestamp without time zone NOT NULL,
    updated_at timestamp without time zone NOT NULL,
    seen timestamp without time zone
);


ALTER TABLE messages OWNER TO nguyenngocson0811;

--
-- Name: messages_id_seq; Type: SEQUENCE; Schema: public; Owner: nguyenngocson0811
--

CREATE SEQUENCE messages_id_seq
    START WITH 1
    INCREMENT BY 1
    NO MINVALUE
    NO MAXVALUE
    CACHE 1;


ALTER TABLE messages_id_seq OWNER TO nguyenngocson0811;

--
-- Name: messages_id_seq; Type: SEQUENCE OWNED BY; Schema: public; Owner: nguyenngocson0811
--

ALTER SEQUENCE messages_id_seq OWNED BY messages.id;


--
-- Name: newsletters; Type: TABLE; Schema: public; Owner: nguyenngocson0811
--

CREATE TABLE newsletters (
    id integer NOT NULL,
    email character varying,
    created_at timestamp without time zone NOT NULL,
    updated_at timestamp without time zone NOT NULL,
    status boolean DEFAULT true,
    user_id integer
);


ALTER TABLE newsletters OWNER TO nguyenngocson0811;

--
-- Name: newsletters_id_seq; Type: SEQUENCE; Schema: public; Owner: nguyenngocson0811
--

CREATE SEQUENCE newsletters_id_seq
    START WITH 1
    INCREMENT BY 1
    NO MINVALUE
    NO MAXVALUE
    CACHE 1;


ALTER TABLE newsletters_id_seq OWNER TO nguyenngocson0811;

--
-- Name: newsletters_id_seq; Type: SEQUENCE OWNED BY; Schema: public; Owner: nguyenngocson0811
--

ALTER SEQUENCE newsletters_id_seq OWNED BY newsletters.id;


--
-- Name: options; Type: TABLE; Schema: public; Owner: nguyenngocson0811
--

CREATE TABLE options (
    id integer NOT NULL,
    created_at timestamp without time zone NOT NULL,
    updated_at timestamp without time zone NOT NULL,
    code character varying,
    tag character varying,
    value text,
    note text,
    title character varying,
    accept_email boolean DEFAULT false
);


ALTER TABLE options OWNER TO nguyenngocson0811;

--
-- Name: options_id_seq; Type: SEQUENCE; Schema: public; Owner: nguyenngocson0811
--

CREATE SEQUENCE options_id_seq
    START WITH 1
    INCREMENT BY 1
    NO MINVALUE
    NO MAXVALUE
    CACHE 1;


ALTER TABLE options_id_seq OWNER TO nguyenngocson0811;

--
-- Name: options_id_seq; Type: SEQUENCE OWNED BY; Schema: public; Owner: nguyenngocson0811
--

ALTER SEQUENCE options_id_seq OWNED BY options.id;


--
-- Name: order_deliveries; Type: TABLE; Schema: public; Owner: nguyenngocson0811
--

CREATE TABLE order_deliveries (
    id integer NOT NULL,
    first_name character varying,
    last_name character varying,
    company character varying,
    address character varying,
    city character varying,
    zip_code integer,
    country character varying,
    province character varying,
    delivery_method_id integer,
    payment_method_id integer,
    message text,
    created_at timestamp without time zone NOT NULL,
    updated_at timestamp without time zone NOT NULL,
    order_id integer,
    email character varying,
    phone character varying
);


ALTER TABLE order_deliveries OWNER TO nguyenngocson0811;

--
-- Name: order_deliveries_id_seq; Type: SEQUENCE; Schema: public; Owner: nguyenngocson0811
--

CREATE SEQUENCE order_deliveries_id_seq
    START WITH 1
    INCREMENT BY 1
    NO MINVALUE
    NO MAXVALUE
    CACHE 1;


ALTER TABLE order_deliveries_id_seq OWNER TO nguyenngocson0811;

--
-- Name: order_deliveries_id_seq; Type: SEQUENCE OWNED BY; Schema: public; Owner: nguyenngocson0811
--

ALTER SEQUENCE order_deliveries_id_seq OWNED BY order_deliveries.id;


--
-- Name: order_details; Type: TABLE; Schema: public; Owner: nguyenngocson0811
--

CREATE TABLE order_details (
    id integer NOT NULL,
    order_id integer,
    product_id integer,
    quantity integer,
    price numeric,
    created_at timestamp without time zone NOT NULL,
    updated_at timestamp without time zone NOT NULL,
    product_name character varying
);


ALTER TABLE order_details OWNER TO nguyenngocson0811;

--
-- Name: order_details_id_seq; Type: SEQUENCE; Schema: public; Owner: nguyenngocson0811
--

CREATE SEQUENCE order_details_id_seq
    START WITH 1
    INCREMENT BY 1
    NO MINVALUE
    NO MAXVALUE
    CACHE 1;


ALTER TABLE order_details_id_seq OWNER TO nguyenngocson0811;

--
-- Name: order_details_id_seq; Type: SEQUENCE OWNED BY; Schema: public; Owner: nguyenngocson0811
--

ALTER SEQUENCE order_details_id_seq OWNED BY order_details.id;


--
-- Name: orders; Type: TABLE; Schema: public; Owner: nguyenngocson0811
--

CREATE TABLE orders (
    id integer NOT NULL,
    created_at timestamp without time zone NOT NULL,
    updated_at timestamp without time zone NOT NULL,
    user_id integer,
    status character varying DEFAULT 'Pending'::character varying,
    different_delivery boolean DEFAULT false,
    voucher_code character varying,
    voucher_price numeric,
    coupon_code character varying,
    coupon_price numeric
);


ALTER TABLE orders OWNER TO nguyenngocson0811;

--
-- Name: orders_id_seq; Type: SEQUENCE; Schema: public; Owner: nguyenngocson0811
--

CREATE SEQUENCE orders_id_seq
    START WITH 1
    INCREMENT BY 1
    NO MINVALUE
    NO MAXVALUE
    CACHE 1;


ALTER TABLE orders_id_seq OWNER TO nguyenngocson0811;

--
-- Name: orders_id_seq; Type: SEQUENCE OWNED BY; Schema: public; Owner: nguyenngocson0811
--

ALTER SEQUENCE orders_id_seq OWNED BY orders.id;


--
-- Name: parent_article_categories; Type: TABLE; Schema: public; Owner: nguyenngocson0811
--

CREATE TABLE parent_article_categories (
    id integer NOT NULL,
    parent_id integer,
    article_category_id integer,
    created_at timestamp without time zone NOT NULL,
    updated_at timestamp without time zone NOT NULL
);


ALTER TABLE parent_article_categories OWNER TO nguyenngocson0811;

--
-- Name: parent_article_categories_id_seq; Type: SEQUENCE; Schema: public; Owner: nguyenngocson0811
--

CREATE SEQUENCE parent_article_categories_id_seq
    START WITH 1
    INCREMENT BY 1
    NO MINVALUE
    NO MAXVALUE
    CACHE 1;


ALTER TABLE parent_article_categories_id_seq OWNER TO nguyenngocson0811;

--
-- Name: parent_article_categories_id_seq; Type: SEQUENCE OWNED BY; Schema: public; Owner: nguyenngocson0811
--

ALTER SEQUENCE parent_article_categories_id_seq OWNED BY parent_article_categories.id;


--
-- Name: parent_categories; Type: TABLE; Schema: public; Owner: nguyenngocson0811
--

CREATE TABLE parent_categories (
    id integer NOT NULL,
    parent_id integer,
    category_id integer,
    created_at timestamp without time zone NOT NULL,
    updated_at timestamp without time zone NOT NULL
);


ALTER TABLE parent_categories OWNER TO nguyenngocson0811;

--
-- Name: parent_categories_id_seq; Type: SEQUENCE; Schema: public; Owner: nguyenngocson0811
--

CREATE SEQUENCE parent_categories_id_seq
    START WITH 1
    INCREMENT BY 1
    NO MINVALUE
    NO MAXVALUE
    CACHE 1;


ALTER TABLE parent_categories_id_seq OWNER TO nguyenngocson0811;

--
-- Name: parent_categories_id_seq; Type: SEQUENCE OWNED BY; Schema: public; Owner: nguyenngocson0811
--

ALTER SEQUENCE parent_categories_id_seq OWNED BY parent_categories.id;


--
-- Name: payment_methods; Type: TABLE; Schema: public; Owner: nguyenngocson0811
--

CREATE TABLE payment_methods (
    id integer NOT NULL,
    title character varying,
    description text,
    created_at timestamp without time zone NOT NULL,
    updated_at timestamp without time zone NOT NULL
);


ALTER TABLE payment_methods OWNER TO nguyenngocson0811;

--
-- Name: payment_methods_id_seq; Type: SEQUENCE; Schema: public; Owner: nguyenngocson0811
--

CREATE SEQUENCE payment_methods_id_seq
    START WITH 1
    INCREMENT BY 1
    NO MINVALUE
    NO MAXVALUE
    CACHE 1;


ALTER TABLE payment_methods_id_seq OWNER TO nguyenngocson0811;

--
-- Name: payment_methods_id_seq; Type: SEQUENCE OWNED BY; Schema: public; Owner: nguyenngocson0811
--

ALTER SEQUENCE payment_methods_id_seq OWNED BY payment_methods.id;


--
-- Name: product_images; Type: TABLE; Schema: public; Owner: nguyenngocson0811
--

CREATE TABLE product_images (
    id integer NOT NULL,
    product_id integer,
    image_url character varying,
    created_at timestamp without time zone NOT NULL,
    updated_at timestamp without time zone NOT NULL,
    is_main character varying DEFAULT 'False'::character varying
);


ALTER TABLE product_images OWNER TO nguyenngocson0811;

--
-- Name: product_images_id_seq; Type: SEQUENCE; Schema: public; Owner: nguyenngocson0811
--

CREATE SEQUENCE product_images_id_seq
    START WITH 1
    INCREMENT BY 1
    NO MINVALUE
    NO MAXVALUE
    CACHE 1;


ALTER TABLE product_images_id_seq OWNER TO nguyenngocson0811;

--
-- Name: product_images_id_seq; Type: SEQUENCE OWNED BY; Schema: public; Owner: nguyenngocson0811
--

ALTER SEQUENCE product_images_id_seq OWNED BY product_images.id;


--
-- Name: products; Type: TABLE; Schema: public; Owner: nguyenngocson0811
--

CREATE TABLE products (
    id integer NOT NULL,
    name character varying,
    code character varying,
    quantity numeric,
    unit character varying,
    price numeric,
    short_description text,
    description text,
    manufacturer_id integer,
    product_image_id integer,
    created_at timestamp without time zone NOT NULL,
    updated_at timestamp without time zone NOT NULL,
    tags character varying,
    status text,
    old_price numeric,
    discount_percent numeric,
    meta_keywords character varying,
    meta_description text,
    is_show boolean DEFAULT false,
    stock integer DEFAULT 1,
    approved boolean DEFAULT false,
    user_id integer
);


ALTER TABLE products OWNER TO nguyenngocson0811;

--
-- Name: products_id_seq; Type: SEQUENCE; Schema: public; Owner: nguyenngocson0811
--

CREATE SEQUENCE products_id_seq
    START WITH 1
    INCREMENT BY 1
    NO MINVALUE
    NO MAXVALUE
    CACHE 1;


ALTER TABLE products_id_seq OWNER TO nguyenngocson0811;

--
-- Name: products_id_seq; Type: SEQUENCE OWNED BY; Schema: public; Owner: nguyenngocson0811
--

ALTER SEQUENCE products_id_seq OWNED BY products.id;


--
-- Name: program_languages; Type: TABLE; Schema: public; Owner: nguyenngocson0811
--

CREATE TABLE program_languages (
    id integer NOT NULL,
    name character varying,
    description text,
    created_at timestamp without time zone NOT NULL,
    updated_at timestamp without time zone NOT NULL
);


ALTER TABLE program_languages OWNER TO nguyenngocson0811;

--
-- Name: program_languages_id_seq; Type: SEQUENCE; Schema: public; Owner: nguyenngocson0811
--

CREATE SEQUENCE program_languages_id_seq
    START WITH 1
    INCREMENT BY 1
    NO MINVALUE
    NO MAXVALUE
    CACHE 1;


ALTER TABLE program_languages_id_seq OWNER TO nguyenngocson0811;

--
-- Name: program_languages_id_seq; Type: SEQUENCE OWNED BY; Schema: public; Owner: nguyenngocson0811
--

ALTER SEQUENCE program_languages_id_seq OWNED BY program_languages.id;


--
-- Name: program_languages_projects; Type: TABLE; Schema: public; Owner: nguyenngocson0811
--

CREATE TABLE program_languages_projects (
    id integer NOT NULL,
    program_language_id integer,
    project_id integer,
    created_at timestamp without time zone NOT NULL,
    updated_at timestamp without time zone NOT NULL
);


ALTER TABLE program_languages_projects OWNER TO nguyenngocson0811;

--
-- Name: program_languages_projects_id_seq; Type: SEQUENCE; Schema: public; Owner: nguyenngocson0811
--

CREATE SEQUENCE program_languages_projects_id_seq
    START WITH 1
    INCREMENT BY 1
    NO MINVALUE
    NO MAXVALUE
    CACHE 1;


ALTER TABLE program_languages_projects_id_seq OWNER TO nguyenngocson0811;

--
-- Name: program_languages_projects_id_seq; Type: SEQUENCE OWNED BY; Schema: public; Owner: nguyenngocson0811
--

ALTER SEQUENCE program_languages_projects_id_seq OWNED BY program_languages_projects.id;


--
-- Name: project_categories; Type: TABLE; Schema: public; Owner: nguyenngocson0811
--

CREATE TABLE project_categories (
    id integer NOT NULL,
    name character varying,
    description text,
    created_at timestamp without time zone NOT NULL,
    updated_at timestamp without time zone NOT NULL,
    name_vi character varying,
    description_vi text
);


ALTER TABLE project_categories OWNER TO nguyenngocson0811;

--
-- Name: project_categories_id_seq; Type: SEQUENCE; Schema: public; Owner: nguyenngocson0811
--

CREATE SEQUENCE project_categories_id_seq
    START WITH 1
    INCREMENT BY 1
    NO MINVALUE
    NO MAXVALUE
    CACHE 1;


ALTER TABLE project_categories_id_seq OWNER TO nguyenngocson0811;

--
-- Name: project_categories_id_seq; Type: SEQUENCE OWNED BY; Schema: public; Owner: nguyenngocson0811
--

ALTER SEQUENCE project_categories_id_seq OWNED BY project_categories.id;


--
-- Name: project_categories_projects; Type: TABLE; Schema: public; Owner: nguyenngocson0811
--

CREATE TABLE project_categories_projects (
    id integer NOT NULL,
    project_category_id integer,
    project_id integer,
    created_at timestamp without time zone NOT NULL,
    updated_at timestamp without time zone NOT NULL
);


ALTER TABLE project_categories_projects OWNER TO nguyenngocson0811;

--
-- Name: project_categories_projects_id_seq; Type: SEQUENCE; Schema: public; Owner: nguyenngocson0811
--

CREATE SEQUENCE project_categories_projects_id_seq
    START WITH 1
    INCREMENT BY 1
    NO MINVALUE
    NO MAXVALUE
    CACHE 1;


ALTER TABLE project_categories_projects_id_seq OWNER TO nguyenngocson0811;

--
-- Name: project_categories_projects_id_seq; Type: SEQUENCE OWNED BY; Schema: public; Owner: nguyenngocson0811
--

ALTER SEQUENCE project_categories_projects_id_seq OWNED BY project_categories_projects.id;


--
-- Name: project_images; Type: TABLE; Schema: public; Owner: nguyenngocson0811
--

CREATE TABLE project_images (
    id integer NOT NULL,
    image_url character varying,
    project_id integer,
    created_at timestamp without time zone NOT NULL,
    updated_at timestamp without time zone NOT NULL
);


ALTER TABLE project_images OWNER TO nguyenngocson0811;

--
-- Name: project_images_id_seq; Type: SEQUENCE; Schema: public; Owner: nguyenngocson0811
--

CREATE SEQUENCE project_images_id_seq
    START WITH 1
    INCREMENT BY 1
    NO MINVALUE
    NO MAXVALUE
    CACHE 1;


ALTER TABLE project_images_id_seq OWNER TO nguyenngocson0811;

--
-- Name: project_images_id_seq; Type: SEQUENCE OWNED BY; Schema: public; Owner: nguyenngocson0811
--

ALTER SEQUENCE project_images_id_seq OWNED BY project_images.id;


--
-- Name: projects; Type: TABLE; Schema: public; Owner: nguyenngocson0811
--

CREATE TABLE projects (
    id integer NOT NULL,
    image_url character varying,
    author character varying,
    name character varying,
    start_date timestamp without time zone,
    end_date timestamp without time zone,
    description text,
    website character varying,
    created_at timestamp without time zone NOT NULL,
    updated_at timestamp without time zone NOT NULL,
    author_vi character varying,
    name_vi character varying,
    description_vi character varying
);


ALTER TABLE projects OWNER TO nguyenngocson0811;

--
-- Name: projects_id_seq; Type: SEQUENCE; Schema: public; Owner: nguyenngocson0811
--

CREATE SEQUENCE projects_id_seq
    START WITH 1
    INCREMENT BY 1
    NO MINVALUE
    NO MAXVALUE
    CACHE 1;


ALTER TABLE projects_id_seq OWNER TO nguyenngocson0811;

--
-- Name: projects_id_seq; Type: SEQUENCE OWNED BY; Schema: public; Owner: nguyenngocson0811
--

ALTER SEQUENCE projects_id_seq OWNED BY projects.id;


--
-- Name: questions; Type: TABLE; Schema: public; Owner: nguyenngocson0811
--

CREATE TABLE questions (
    id integer NOT NULL,
    name character varying,
    email character varying,
    content text,
    product_id integer,
    user_id integer,
    created_at timestamp without time zone NOT NULL,
    updated_at timestamp without time zone NOT NULL
);


ALTER TABLE questions OWNER TO nguyenngocson0811;

--
-- Name: questions_id_seq; Type: SEQUENCE; Schema: public; Owner: nguyenngocson0811
--

CREATE SEQUENCE questions_id_seq
    START WITH 1
    INCREMENT BY 1
    NO MINVALUE
    NO MAXVALUE
    CACHE 1;


ALTER TABLE questions_id_seq OWNER TO nguyenngocson0811;

--
-- Name: questions_id_seq; Type: SEQUENCE OWNED BY; Schema: public; Owner: nguyenngocson0811
--

ALTER SEQUENCE questions_id_seq OWNED BY questions.id;


--
-- Name: schema_migrations; Type: TABLE; Schema: public; Owner: nguyenngocson0811
--

CREATE TABLE schema_migrations (
    version character varying NOT NULL
);


ALTER TABLE schema_migrations OWNER TO nguyenngocson0811;

--
-- Name: slideshows; Type: TABLE; Schema: public; Owner: nguyenngocson0811
--

CREATE TABLE slideshows (
    id integer NOT NULL,
    image_url character varying,
    title_1 character varying,
    title_2 character varying,
    name_button character varying,
    link character varying,
    created_at timestamp without time zone NOT NULL,
    updated_at timestamp without time zone NOT NULL,
    color_1 character varying,
    color_2 character varying,
    style character varying
);


ALTER TABLE slideshows OWNER TO nguyenngocson0811;

--
-- Name: slideshows_id_seq; Type: SEQUENCE; Schema: public; Owner: nguyenngocson0811
--

CREATE SEQUENCE slideshows_id_seq
    START WITH 1
    INCREMENT BY 1
    NO MINVALUE
    NO MAXVALUE
    CACHE 1;


ALTER TABLE slideshows_id_seq OWNER TO nguyenngocson0811;

--
-- Name: slideshows_id_seq; Type: SEQUENCE OWNED BY; Schema: public; Owner: nguyenngocson0811
--

ALTER SEQUENCE slideshows_id_seq OWNED BY slideshows.id;


--
-- Name: testimonials; Type: TABLE; Schema: public; Owner: nguyenngocson0811
--

CREATE TABLE testimonials (
    id integer NOT NULL,
    name character varying,
    city character varying,
    email character varying,
    content character varying,
    user_id integer,
    created_at timestamp without time zone NOT NULL,
    updated_at timestamp without time zone NOT NULL
);


ALTER TABLE testimonials OWNER TO nguyenngocson0811;

--
-- Name: testimonials_id_seq; Type: SEQUENCE; Schema: public; Owner: nguyenngocson0811
--

CREATE SEQUENCE testimonials_id_seq
    START WITH 1
    INCREMENT BY 1
    NO MINVALUE
    NO MAXVALUE
    CACHE 1;


ALTER TABLE testimonials_id_seq OWNER TO nguyenngocson0811;

--
-- Name: testimonials_id_seq; Type: SEQUENCE OWNED BY; Schema: public; Owner: nguyenngocson0811
--

ALTER SEQUENCE testimonials_id_seq OWNED BY testimonials.id;


--
-- Name: tour_images; Type: TABLE; Schema: public; Owner: nguyenngocson0811
--

CREATE TABLE tour_images (
    id integer NOT NULL,
    created_at timestamp without time zone NOT NULL,
    updated_at timestamp without time zone NOT NULL,
    image_url character varying,
    tour_id integer
);


ALTER TABLE tour_images OWNER TO nguyenngocson0811;

--
-- Name: tour_images_id_seq; Type: SEQUENCE; Schema: public; Owner: nguyenngocson0811
--

CREATE SEQUENCE tour_images_id_seq
    START WITH 1
    INCREMENT BY 1
    NO MINVALUE
    NO MAXVALUE
    CACHE 1;


ALTER TABLE tour_images_id_seq OWNER TO nguyenngocson0811;

--
-- Name: tour_images_id_seq; Type: SEQUENCE OWNED BY; Schema: public; Owner: nguyenngocson0811
--

ALTER SEQUENCE tour_images_id_seq OWNED BY tour_images.id;


--
-- Name: tour_schedules; Type: TABLE; Schema: public; Owner: nguyenngocson0811
--

CREATE TABLE tour_schedules (
    id integer NOT NULL,
    created_at timestamp without time zone NOT NULL,
    updated_at timestamp without time zone NOT NULL,
    from_date timestamp without time zone,
    to_date timestamp without time zone,
    depart character varying,
    arrive character varying,
    seat numeric,
    tour_id integer
);


ALTER TABLE tour_schedules OWNER TO nguyenngocson0811;

--
-- Name: tour_schedules_id_seq; Type: SEQUENCE; Schema: public; Owner: nguyenngocson0811
--

CREATE SEQUENCE tour_schedules_id_seq
    START WITH 1
    INCREMENT BY 1
    NO MINVALUE
    NO MAXVALUE
    CACHE 1;


ALTER TABLE tour_schedules_id_seq OWNER TO nguyenngocson0811;

--
-- Name: tour_schedules_id_seq; Type: SEQUENCE OWNED BY; Schema: public; Owner: nguyenngocson0811
--

ALTER SEQUENCE tour_schedules_id_seq OWNED BY tour_schedules.id;


--
-- Name: tours; Type: TABLE; Schema: public; Owner: nguyenngocson0811
--

CREATE TABLE tours (
    id integer NOT NULL,
    type character varying,
    name character varying,
    is_sale boolean,
    discount_percent numeric,
    new_price numeric,
    old_price numeric,
    services character varying,
    duration character varying,
    "position" character varying,
    hotel character varying,
    transportation character varying,
    created_at timestamp without time zone NOT NULL,
    updated_at timestamp without time zone NOT NULL,
    image_url character varying,
    content text,
    article_category_id integer,
    type_name character varying,
    approved boolean DEFAULT false,
    description text
);


ALTER TABLE tours OWNER TO nguyenngocson0811;

--
-- Name: tours_id_seq; Type: SEQUENCE; Schema: public; Owner: nguyenngocson0811
--

CREATE SEQUENCE tours_id_seq
    START WITH 1
    INCREMENT BY 1
    NO MINVALUE
    NO MAXVALUE
    CACHE 1;


ALTER TABLE tours_id_seq OWNER TO nguyenngocson0811;

--
-- Name: tours_id_seq; Type: SEQUENCE OWNED BY; Schema: public; Owner: nguyenngocson0811
--

ALTER SEQUENCE tours_id_seq OWNED BY tours.id;


--
-- Name: user_groups; Type: TABLE; Schema: public; Owner: nguyenngocson0811
--

CREATE TABLE user_groups (
    id integer NOT NULL,
    name character varying,
    permission text,
    created_at timestamp without time zone NOT NULL,
    updated_at timestamp without time zone NOT NULL
);


ALTER TABLE user_groups OWNER TO nguyenngocson0811;

--
-- Name: user_groups_id_seq; Type: SEQUENCE; Schema: public; Owner: nguyenngocson0811
--

CREATE SEQUENCE user_groups_id_seq
    START WITH 1
    INCREMENT BY 1
    NO MINVALUE
    NO MAXVALUE
    CACHE 1;


ALTER TABLE user_groups_id_seq OWNER TO nguyenngocson0811;

--
-- Name: user_groups_id_seq; Type: SEQUENCE OWNED BY; Schema: public; Owner: nguyenngocson0811
--

ALTER SEQUENCE user_groups_id_seq OWNED BY user_groups.id;


--
-- Name: users; Type: TABLE; Schema: public; Owner: nguyenngocson0811
--

CREATE TABLE users (
    id integer NOT NULL,
    email character varying DEFAULT ''::character varying NOT NULL,
    encrypted_password character varying DEFAULT ''::character varying NOT NULL,
    reset_password_token character varying,
    reset_password_sent_at timestamp without time zone,
    remember_created_at timestamp without time zone,
    sign_in_count integer DEFAULT 0 NOT NULL,
    current_sign_in_at timestamp without time zone,
    last_sign_in_at timestamp without time zone,
    current_sign_in_ip text,
    last_sign_in_ip text,
    created_at timestamp without time zone NOT NULL,
    updated_at timestamp without time zone NOT NULL,
    first_name character varying,
    last_name character varying,
    phone character varying,
    fax integer,
    company character varying,
    address_1 character varying,
    address_2 character varying,
    zip_code integer,
    country character varying,
    province character varying,
    city character varying,
    provider character varying,
    uid character varying,
    password_reset_token character varying,
    password_reset_sent_at timestamp without time zone,
    oauth_token character varying,
    oauth_expires_at timestamp without time zone,
    last_seen timestamp without time zone,
    is_admin boolean DEFAULT false,
    area_id integer,
    role character varying,
    user_group_id integer
);


ALTER TABLE users OWNER TO nguyenngocson0811;

--
-- Name: users_id_seq; Type: SEQUENCE; Schema: public; Owner: nguyenngocson0811
--

CREATE SEQUENCE users_id_seq
    START WITH 1
    INCREMENT BY 1
    NO MINVALUE
    NO MAXVALUE
    CACHE 1;


ALTER TABLE users_id_seq OWNER TO nguyenngocson0811;

--
-- Name: users_id_seq; Type: SEQUENCE OWNED BY; Schema: public; Owner: nguyenngocson0811
--

ALTER SEQUENCE users_id_seq OWNED BY users.id;


--
-- Name: vouchers; Type: TABLE; Schema: public; Owner: nguyenngocson0811
--

CREATE TABLE vouchers (
    id integer NOT NULL,
    name character varying,
    code character varying,
    from_date timestamp without time zone,
    to_date timestamp without time zone,
    description text,
    quantity integer,
    created_at timestamp without time zone NOT NULL,
    updated_at timestamp without time zone NOT NULL,
    price numeric
);


ALTER TABLE vouchers OWNER TO nguyenngocson0811;

--
-- Name: vouchers_id_seq; Type: SEQUENCE; Schema: public; Owner: nguyenngocson0811
--

CREATE SEQUENCE vouchers_id_seq
    START WITH 1
    INCREMENT BY 1
    NO MINVALUE
    NO MAXVALUE
    CACHE 1;


ALTER TABLE vouchers_id_seq OWNER TO nguyenngocson0811;

--
-- Name: vouchers_id_seq; Type: SEQUENCE OWNED BY; Schema: public; Owner: nguyenngocson0811
--

ALTER SEQUENCE vouchers_id_seq OWNED BY vouchers.id;


--
-- Name: wish_lists; Type: TABLE; Schema: public; Owner: nguyenngocson0811
--

CREATE TABLE wish_lists (
    id integer NOT NULL,
    product_id integer,
    user_id integer,
    created_at timestamp without time zone NOT NULL,
    updated_at timestamp without time zone NOT NULL
);


ALTER TABLE wish_lists OWNER TO nguyenngocson0811;

--
-- Name: wish_lists_id_seq; Type: SEQUENCE; Schema: public; Owner: nguyenngocson0811
--

CREATE SEQUENCE wish_lists_id_seq
    START WITH 1
    INCREMENT BY 1
    NO MINVALUE
    NO MAXVALUE
    CACHE 1;


ALTER TABLE wish_lists_id_seq OWNER TO nguyenngocson0811;

--
-- Name: wish_lists_id_seq; Type: SEQUENCE OWNED BY; Schema: public; Owner: nguyenngocson0811
--

ALTER SEQUENCE wish_lists_id_seq OWNED BY wish_lists.id;


--
-- Name: id; Type: DEFAULT; Schema: public; Owner: nguyenngocson0811
--

ALTER TABLE ONLY areas ALTER COLUMN id SET DEFAULT nextval('areas_id_seq'::regclass);


--
-- Name: id; Type: DEFAULT; Schema: public; Owner: nguyenngocson0811
--

ALTER TABLE ONLY areas_articles ALTER COLUMN id SET DEFAULT nextval('areas_articles_id_seq'::regclass);


--
-- Name: id; Type: DEFAULT; Schema: public; Owner: nguyenngocson0811
--

ALTER TABLE ONLY areas_products ALTER COLUMN id SET DEFAULT nextval('areas_products_id_seq'::regclass);


--
-- Name: id; Type: DEFAULT; Schema: public; Owner: nguyenngocson0811
--

ALTER TABLE ONLY article_categories ALTER COLUMN id SET DEFAULT nextval('article_categories_id_seq'::regclass);


--
-- Name: id; Type: DEFAULT; Schema: public; Owner: nguyenngocson0811
--

ALTER TABLE ONLY article_categories_articles ALTER COLUMN id SET DEFAULT nextval('article_categories_articles_id_seq'::regclass);


--
-- Name: id; Type: DEFAULT; Schema: public; Owner: nguyenngocson0811
--

ALTER TABLE ONLY articles ALTER COLUMN id SET DEFAULT nextval('articles_id_seq'::regclass);


--
-- Name: id; Type: DEFAULT; Schema: public; Owner: nguyenngocson0811
--

ALTER TABLE ONLY articles_products ALTER COLUMN id SET DEFAULT nextval('articles_products_id_seq'::regclass);


--
-- Name: id; Type: DEFAULT; Schema: public; Owner: nguyenngocson0811
--

ALTER TABLE ONLY booking_cars ALTER COLUMN id SET DEFAULT nextval('booking_cars_id_seq'::regclass);


--
-- Name: id; Type: DEFAULT; Schema: public; Owner: nguyenngocson0811
--

ALTER TABLE ONLY booking_hotels ALTER COLUMN id SET DEFAULT nextval('booking_hotels_id_seq'::regclass);


--
-- Name: id; Type: DEFAULT; Schema: public; Owner: nguyenngocson0811
--

ALTER TABLE ONLY cars ALTER COLUMN id SET DEFAULT nextval('cars_id_seq'::regclass);


--
-- Name: id; Type: DEFAULT; Schema: public; Owner: nguyenngocson0811
--

ALTER TABLE ONLY carts ALTER COLUMN id SET DEFAULT nextval('carts_id_seq'::regclass);


--
-- Name: id; Type: DEFAULT; Schema: public; Owner: nguyenngocson0811
--

ALTER TABLE ONLY categories ALTER COLUMN id SET DEFAULT nextval('categories_id_seq'::regclass);


--
-- Name: id; Type: DEFAULT; Schema: public; Owner: nguyenngocson0811
--

ALTER TABLE ONLY categories_products ALTER COLUMN id SET DEFAULT nextval('categories_products_id_seq'::regclass);


--
-- Name: id; Type: DEFAULT; Schema: public; Owner: nguyenngocson0811
--

ALTER TABLE ONLY code_statuses ALTER COLUMN id SET DEFAULT nextval('code_statuses_id_seq'::regclass);


--
-- Name: id; Type: DEFAULT; Schema: public; Owner: nguyenngocson0811
--

ALTER TABLE ONLY comment_articles ALTER COLUMN id SET DEFAULT nextval('comment_articles_id_seq'::regclass);


--
-- Name: id; Type: DEFAULT; Schema: public; Owner: nguyenngocson0811
--

ALTER TABLE ONLY comments ALTER COLUMN id SET DEFAULT nextval('comments_id_seq'::regclass);


--
-- Name: id; Type: DEFAULT; Schema: public; Owner: nguyenngocson0811
--

ALTER TABLE ONLY companies ALTER COLUMN id SET DEFAULT nextval('companies_id_seq'::regclass);


--
-- Name: id; Type: DEFAULT; Schema: public; Owner: nguyenngocson0811
--

ALTER TABLE ONLY compares ALTER COLUMN id SET DEFAULT nextval('compares_id_seq'::regclass);


--
-- Name: id; Type: DEFAULT; Schema: public; Owner: nguyenngocson0811
--

ALTER TABLE ONLY contacts ALTER COLUMN id SET DEFAULT nextval('contacts_id_seq'::regclass);


--
-- Name: id; Type: DEFAULT; Schema: public; Owner: nguyenngocson0811
--

ALTER TABLE ONLY conversations ALTER COLUMN id SET DEFAULT nextval('conversations_id_seq'::regclass);


--
-- Name: id; Type: DEFAULT; Schema: public; Owner: nguyenngocson0811
--

ALTER TABLE ONLY coupons ALTER COLUMN id SET DEFAULT nextval('coupons_id_seq'::regclass);


--
-- Name: id; Type: DEFAULT; Schema: public; Owner: nguyenngocson0811
--

ALTER TABLE ONLY customers ALTER COLUMN id SET DEFAULT nextval('customers_id_seq'::regclass);


--
-- Name: id; Type: DEFAULT; Schema: public; Owner: nguyenngocson0811
--

ALTER TABLE ONLY delivery_methods ALTER COLUMN id SET DEFAULT nextval('delivery_methods_id_seq'::regclass);


--
-- Name: id; Type: DEFAULT; Schema: public; Owner: nguyenngocson0811
--

ALTER TABLE ONLY feedbacks ALTER COLUMN id SET DEFAULT nextval('feedbacks_id_seq'::regclass);


--
-- Name: id; Type: DEFAULT; Schema: public; Owner: nguyenngocson0811
--

ALTER TABLE ONLY hotel_images ALTER COLUMN id SET DEFAULT nextval('hotel_images_id_seq'::regclass);


--
-- Name: id; Type: DEFAULT; Schema: public; Owner: nguyenngocson0811
--

ALTER TABLE ONLY hotel_rooms ALTER COLUMN id SET DEFAULT nextval('hotel_rooms_id_seq'::regclass);


--
-- Name: id; Type: DEFAULT; Schema: public; Owner: nguyenngocson0811
--

ALTER TABLE ONLY hotels ALTER COLUMN id SET DEFAULT nextval('hotels_id_seq'::regclass);


--
-- Name: id; Type: DEFAULT; Schema: public; Owner: nguyenngocson0811
--

ALTER TABLE ONLY line_item_compares ALTER COLUMN id SET DEFAULT nextval('line_item_compares_id_seq'::regclass);


--
-- Name: id; Type: DEFAULT; Schema: public; Owner: nguyenngocson0811
--

ALTER TABLE ONLY line_items ALTER COLUMN id SET DEFAULT nextval('line_items_id_seq'::regclass);


--
-- Name: id; Type: DEFAULT; Schema: public; Owner: nguyenngocson0811
--

ALTER TABLE ONLY manufacturers ALTER COLUMN id SET DEFAULT nextval('manufacturers_id_seq'::regclass);


--
-- Name: id; Type: DEFAULT; Schema: public; Owner: nguyenngocson0811
--

ALTER TABLE ONLY messages ALTER COLUMN id SET DEFAULT nextval('messages_id_seq'::regclass);


--
-- Name: id; Type: DEFAULT; Schema: public; Owner: nguyenngocson0811
--

ALTER TABLE ONLY newsletters ALTER COLUMN id SET DEFAULT nextval('newsletters_id_seq'::regclass);


--
-- Name: id; Type: DEFAULT; Schema: public; Owner: nguyenngocson0811
--

ALTER TABLE ONLY options ALTER COLUMN id SET DEFAULT nextval('options_id_seq'::regclass);


--
-- Name: id; Type: DEFAULT; Schema: public; Owner: nguyenngocson0811
--

ALTER TABLE ONLY order_deliveries ALTER COLUMN id SET DEFAULT nextval('order_deliveries_id_seq'::regclass);


--
-- Name: id; Type: DEFAULT; Schema: public; Owner: nguyenngocson0811
--

ALTER TABLE ONLY order_details ALTER COLUMN id SET DEFAULT nextval('order_details_id_seq'::regclass);


--
-- Name: id; Type: DEFAULT; Schema: public; Owner: nguyenngocson0811
--

ALTER TABLE ONLY orders ALTER COLUMN id SET DEFAULT nextval('orders_id_seq'::regclass);


--
-- Name: id; Type: DEFAULT; Schema: public; Owner: nguyenngocson0811
--

ALTER TABLE ONLY parent_article_categories ALTER COLUMN id SET DEFAULT nextval('parent_article_categories_id_seq'::regclass);


--
-- Name: id; Type: DEFAULT; Schema: public; Owner: nguyenngocson0811
--

ALTER TABLE ONLY parent_categories ALTER COLUMN id SET DEFAULT nextval('parent_categories_id_seq'::regclass);


--
-- Name: id; Type: DEFAULT; Schema: public; Owner: nguyenngocson0811
--

ALTER TABLE ONLY payment_methods ALTER COLUMN id SET DEFAULT nextval('payment_methods_id_seq'::regclass);


--
-- Name: id; Type: DEFAULT; Schema: public; Owner: nguyenngocson0811
--

ALTER TABLE ONLY product_images ALTER COLUMN id SET DEFAULT nextval('product_images_id_seq'::regclass);


--
-- Name: id; Type: DEFAULT; Schema: public; Owner: nguyenngocson0811
--

ALTER TABLE ONLY products ALTER COLUMN id SET DEFAULT nextval('products_id_seq'::regclass);


--
-- Name: id; Type: DEFAULT; Schema: public; Owner: nguyenngocson0811
--

ALTER TABLE ONLY program_languages ALTER COLUMN id SET DEFAULT nextval('program_languages_id_seq'::regclass);


--
-- Name: id; Type: DEFAULT; Schema: public; Owner: nguyenngocson0811
--

ALTER TABLE ONLY program_languages_projects ALTER COLUMN id SET DEFAULT nextval('program_languages_projects_id_seq'::regclass);


--
-- Name: id; Type: DEFAULT; Schema: public; Owner: nguyenngocson0811
--

ALTER TABLE ONLY project_categories ALTER COLUMN id SET DEFAULT nextval('project_categories_id_seq'::regclass);


--
-- Name: id; Type: DEFAULT; Schema: public; Owner: nguyenngocson0811
--

ALTER TABLE ONLY project_categories_projects ALTER COLUMN id SET DEFAULT nextval('project_categories_projects_id_seq'::regclass);


--
-- Name: id; Type: DEFAULT; Schema: public; Owner: nguyenngocson0811
--

ALTER TABLE ONLY project_images ALTER COLUMN id SET DEFAULT nextval('project_images_id_seq'::regclass);


--
-- Name: id; Type: DEFAULT; Schema: public; Owner: nguyenngocson0811
--

ALTER TABLE ONLY projects ALTER COLUMN id SET DEFAULT nextval('projects_id_seq'::regclass);


--
-- Name: id; Type: DEFAULT; Schema: public; Owner: nguyenngocson0811
--

ALTER TABLE ONLY questions ALTER COLUMN id SET DEFAULT nextval('questions_id_seq'::regclass);


--
-- Name: id; Type: DEFAULT; Schema: public; Owner: nguyenngocson0811
--

ALTER TABLE ONLY slideshows ALTER COLUMN id SET DEFAULT nextval('slideshows_id_seq'::regclass);


--
-- Name: id; Type: DEFAULT; Schema: public; Owner: nguyenngocson0811
--

ALTER TABLE ONLY testimonials ALTER COLUMN id SET DEFAULT nextval('testimonials_id_seq'::regclass);


--
-- Name: id; Type: DEFAULT; Schema: public; Owner: nguyenngocson0811
--

ALTER TABLE ONLY tour_images ALTER COLUMN id SET DEFAULT nextval('tour_images_id_seq'::regclass);


--
-- Name: id; Type: DEFAULT; Schema: public; Owner: nguyenngocson0811
--

ALTER TABLE ONLY tour_schedules ALTER COLUMN id SET DEFAULT nextval('tour_schedules_id_seq'::regclass);


--
-- Name: id; Type: DEFAULT; Schema: public; Owner: nguyenngocson0811
--

ALTER TABLE ONLY tours ALTER COLUMN id SET DEFAULT nextval('tours_id_seq'::regclass);


--
-- Name: id; Type: DEFAULT; Schema: public; Owner: nguyenngocson0811
--

ALTER TABLE ONLY user_groups ALTER COLUMN id SET DEFAULT nextval('user_groups_id_seq'::regclass);


--
-- Name: id; Type: DEFAULT; Schema: public; Owner: nguyenngocson0811
--

ALTER TABLE ONLY users ALTER COLUMN id SET DEFAULT nextval('users_id_seq'::regclass);


--
-- Name: id; Type: DEFAULT; Schema: public; Owner: nguyenngocson0811
--

ALTER TABLE ONLY vouchers ALTER COLUMN id SET DEFAULT nextval('vouchers_id_seq'::regclass);


--
-- Name: id; Type: DEFAULT; Schema: public; Owner: nguyenngocson0811
--

ALTER TABLE ONLY wish_lists ALTER COLUMN id SET DEFAULT nextval('wish_lists_id_seq'::regclass);


--
-- Data for Name: areas; Type: TABLE DATA; Schema: public; Owner: nguyenngocson0811
--

COPY areas (id, name, level, description, created_at, updated_at, parent_id, areatype_id, display_order) FROM stdin;
2	H Ni	2	\N	2015-11-03 04:10:40	2016-06-29 16:59:01.557326	1	\N	\N
3	Tp H Ch Minh	2	\N	2015-11-03 04:10:40	2016-06-29 16:59:01.568063	1	\N	\N
4	An Giang	2	\N	2015-11-03 04:10:40	2016-06-29 16:59:01.57528	1	\N	\N
5	B Ra - Vng Tu	2	\N	2015-11-03 04:10:40	2016-06-29 16:59:01.583358	1	\N	\N
6	Bnh Dng	2	\N	2015-11-03 04:10:40	2016-06-29 16:59:01.590842	1	\N	\N
7	Bnh Phc	2	\N	2015-11-03 04:10:40	2016-06-29 16:59:01.600016	1	\N	\N
9	Bnh nh	2	\N	2015-11-03 04:10:40	2016-06-29 16:59:01.615042	1	\N	\N
10	Bc Liu	2	\N	2015-11-03 04:10:40	2016-06-29 16:59:01.623408	1	\N	\N
11	Bc Giang	2	\N	2015-11-03 04:10:40	2016-06-29 16:59:01.632045	1	\N	\N
12	Bc Kn	2	\N	2015-11-03 04:10:40	2016-06-29 16:59:01.639538	1	\N	\N
13	Bc Ninh	2	\N	2015-11-03 04:10:40	2016-06-29 16:59:01.648551	1	\N	\N
14	Bn Tre	2	\N	2015-11-03 04:10:40	2016-06-29 16:59:01.656581	1	\N	\N
15	Cao Bng	2	\N	2015-11-03 04:10:40	2016-06-29 16:59:01.665769	1	\N	\N
16	C Mau	2	\N	2015-11-03 04:10:40	2016-06-29 16:59:01.673365	1	\N	\N
17	Cn Th	2	\N	2015-11-03 04:10:40	2016-06-29 16:59:01.682221	1	\N	\N
19	H Giang	2	\N	2015-11-03 04:10:40	2016-06-29 16:59:01.699036	1	\N	\N
20	ng Thp	2	\N	2015-11-03 04:10:40	2016-06-29 16:59:01.707056	1	\N	\N
21	ng Nai	2	\N	2015-11-03 04:10:40	2016-06-29 16:59:01.714412	1	\N	\N
22	in Bin	2	\N	2015-11-03 04:10:40	2016-06-29 16:59:01.721551	1	\N	\N
23	k Nng	2	\N	2015-11-03 04:10:40	2016-06-29 16:59:01.728846	1	\N	\N
24	 Nng	2	\N	2015-11-03 04:10:40	2016-06-29 16:59:01.737912	1	\N	\N
25	aklak	2	\N	2015-11-03 04:10:40	2016-06-29 16:59:01.747371	1	\N	\N
26	H Nam	2	\N	2015-11-03 04:10:40	2016-06-29 16:59:01.754228	1	\N	\N
28	Hi Dng	2	\N	2015-11-03 04:10:40	2016-06-29 16:59:01.768875	1	\N	\N
29	Tp.Hi Phng	2	\N	2015-11-03 04:10:40	2016-06-29 16:59:01.777498	1	\N	\N
30	Hu Giang	2	\N	2015-11-03 04:10:40	2016-06-29 16:59:01.785942	1	\N	\N
31	Ho Bnh	2	\N	2015-11-03 04:10:40	2016-06-29 16:59:01.794775	1	\N	\N
32	Hng Yn	2	\N	2015-11-03 04:10:40	2016-06-29 16:59:01.8018	1	\N	\N
33	Khnh Ho	2	\N	2015-11-03 04:10:40	2016-06-29 16:59:01.810606	1	\N	\N
34	Kin Giang	2	\N	2015-11-03 04:10:40	2016-06-29 16:59:01.819805	1	\N	\N
35	Kon Tum	2	\N	2015-11-03 04:10:40	2016-06-29 16:59:01.828342	1	\N	\N
37	Lng Sn	2	\N	2015-11-03 04:10:40	2016-06-29 16:59:01.845941	1	\N	\N
38	Lo Cai	2	\N	2015-11-03 04:10:40	2016-06-29 16:59:01.854266	1	\N	\N
39	Lm ng	2	\N	2015-11-03 04:10:40	2016-06-29 16:59:01.864086	1	\N	\N
40	Long An	2	\N	2015-11-03 04:10:40	2016-06-29 16:59:01.872321	1	\N	\N
41	Nam nh	2	\N	2015-11-03 04:10:40	2016-06-29 16:59:01.881207	1	\N	\N
42	Ngh An	2	\N	2015-11-03 04:10:40	2016-06-29 16:59:01.888681	1	\N	\N
43	Ninh Bnh	2	\N	2015-11-03 04:10:40	2016-06-29 16:59:01.897124	1	\N	\N
45	Ph Th	2	\N	2015-11-03 04:10:40	2016-06-29 16:59:01.914445	1	\N	\N
46	Ph Yn	2	\N	2015-11-03 04:10:40	2016-06-29 16:59:01.923071	1	\N	\N
47	Qung Bnh	2	\N	2015-11-03 04:10:40	2016-06-29 16:59:01.931786	1	\N	\N
48	Qung Nam	2	\N	2015-11-03 04:10:40	2016-06-29 16:59:01.941287	1	\N	\N
49	Qung Ngi	2	\N	2015-11-03 04:10:40	2016-06-29 16:59:01.950539	1	\N	\N
50	Qung Ninh	2	\N	2015-11-03 04:10:40	2016-06-29 16:59:01.958731	1	\N	\N
51	Qung Tr	2	\N	2015-11-03 04:10:40	2016-06-29 16:59:01.968086	1	\N	\N
52	Sc Trng	2	\N	2015-11-03 04:10:40	2016-06-29 16:59:01.976325	1	\N	\N
53	Sn La	2	\N	2015-11-03 04:10:40	2016-06-29 16:59:01.983003	1	\N	\N
55	Thanh Ho	2	\N	2015-11-03 04:10:40	2016-06-29 16:59:01.996992	1	\N	\N
56	Thi Bnh	2	\N	2015-11-03 04:10:40	2016-06-29 16:59:02.004976	1	\N	\N
57	Thi Nguyn	2	\N	2015-11-03 04:10:40	2016-06-29 16:59:02.012725	1	\N	\N
58	Tha Thin Hu	2	\N	2015-11-03 04:10:40	2016-06-29 16:59:02.021219	1	\N	\N
59	Tin Giang	2	\N	2015-11-03 04:10:40	2016-06-29 16:59:02.029314	1	\N	\N
60	Tr Vinh	2	\N	2015-11-03 04:10:40	2016-06-29 16:59:02.038362	1	\N	\N
61	Tuyn Quang	2	\N	2015-11-03 04:10:40	2016-06-29 16:59:02.047354	1	\N	\N
62	Vnh Long	2	\N	2015-11-03 04:10:40	2016-06-29 16:59:02.056052	1	\N	\N
64	Yn Bi	2	\N	2015-11-03 04:10:40	2016-06-29 16:59:02.074411	1	\N	\N
65	Ba nh	3	\N	2015-11-03 04:10:40	2016-06-29 16:59:02.083863	2	\N	\N
66	Cu Giy	3	\N	2015-11-03 04:10:40	2016-06-29 16:59:02.094202	2	\N	\N
67	ng a	3	\N	2015-11-03 04:10:40	2016-06-29 16:59:02.104654	2	\N	\N
68	Hon Kim	3	\N	2015-11-03 04:10:40	2016-06-29 16:59:02.115318	2	\N	\N
69	Hai B Trng	3	\N	2015-11-03 04:10:40	2016-06-29 16:59:02.125322	2	\N	\N
70	H ng	3	\N	2015-11-03 04:10:40	2016-06-29 16:59:02.134319	2	\N	\N
71	Hong Mai	3	\N	2015-11-03 04:10:40	2016-06-29 16:59:02.142788	2	\N	\N
73	Ty H	3	\N	2015-11-03 04:10:40	2016-06-29 16:59:02.160746	2	\N	\N
74	Thanh Xun	3	\N	2015-11-03 04:10:40	2016-06-29 16:59:02.171711	2	\N	\N
75	Ba V	3	\N	2015-11-03 04:10:40	2016-06-29 16:59:02.185307	2	\N	\N
76	ng Anh	3	\N	2015-11-03 04:10:40	2016-06-29 16:59:02.194972	2	\N	\N
77	Gia Lm	3	\N	2015-11-03 04:10:40	2016-06-29 16:59:02.203339	2	\N	\N
78	T Lim	3	\N	2015-11-03 04:10:40	2016-06-29 16:59:02.21071	2	\N	\N
79	Thanh Tr	3	\N	2015-11-03 04:10:40	2016-06-29 16:59:02.220073	2	\N	\N
80	Sc Sn	3	\N	2015-11-03 04:10:40	2016-06-29 16:59:02.229722	2	\N	\N
82	Thch Tht	3	\N	2015-11-03 04:10:40	2016-06-29 16:59:02.250542	2	\N	\N
83	an Phng	3	\N	2015-11-03 04:10:40	2016-06-29 16:59:02.258981	2	\N	\N
84	Quc Oai	3	\N	2015-11-03 04:10:40	2016-06-29 16:59:02.269816	2	\N	\N
85	Hoi c	3	\N	2015-11-03 04:10:40	2016-06-29 16:59:02.280532	2	\N	\N
86	Thng Tn	3	\N	2015-11-03 04:10:40	2016-06-29 16:59:02.290996	2	\N	\N
87	Ph Xuyn	3	\N	2015-11-03 04:10:40	2016-06-29 16:59:02.301994	2	\N	\N
88	Thanh Oai	3	\N	2015-11-03 04:10:40	2016-06-29 16:59:02.314868	2	\N	\N
90	M c	3	\N	2015-11-03 04:10:40	2016-06-29 16:59:02.3318	2	\N	\N
91	ng Ha	3	\N	2015-11-03 04:10:40	2016-06-29 16:59:02.342285	2	\N	\N
92	Tp.Sn Ty	3	\N	2015-11-03 04:10:40	2016-06-29 16:59:02.351019	2	\N	\N
93	Qun 1	3	\N	2015-11-03 04:10:40	2016-06-29 16:59:02.358635	3	\N	\N
94	Qun 2	3	\N	2015-11-03 04:10:40	2016-06-29 16:59:02.367646	3	\N	\N
95	Qun 3	3	\N	2015-11-03 04:10:40	2016-06-29 16:59:02.377693	3	\N	\N
96	Qun 4	3	\N	2015-11-03 04:10:40	2016-06-29 16:59:02.387967	3	\N	\N
97	Qun 5	3	\N	2015-11-03 04:10:40	2016-06-29 16:59:02.396601	3	\N	\N
98	Qun 6	3	\N	2015-11-03 04:10:40	2016-06-29 16:59:02.405038	3	\N	\N
100	Qun 8	3	\N	2015-11-03 04:10:40	2016-06-29 16:59:02.422884	3	\N	\N
101	Qun 9	3	\N	2015-11-03 04:10:40	2016-06-29 16:59:02.431355	3	\N	\N
102	Qun 10	3	\N	2015-11-03 04:10:40	2016-06-29 16:59:02.442864	3	\N	\N
103	Qun 11	3	\N	2015-11-03 04:10:40	2016-06-29 16:59:02.453095	3	\N	\N
104	Qun 12	3	\N	2015-11-03 04:10:40	2016-06-29 16:59:02.462903	3	\N	\N
105	Bnh Tn	3	\N	2015-11-03 04:10:40	2016-06-29 16:59:02.473382	3	\N	\N
106	Bnh Thnh	3	\N	2015-11-03 04:10:40	2016-06-29 16:59:02.483838	3	\N	\N
107	G Vp	3	\N	2015-11-03 04:10:40	2016-06-29 16:59:02.493938	3	\N	\N
109	Tn Bnh	3	\N	2015-11-03 04:10:40	2016-06-29 16:59:02.515219	3	\N	\N
110	Tn Ph	3	\N	2015-11-03 04:10:40	2016-06-29 16:59:02.525645	3	\N	\N
111	Th c	3	\N	2015-11-03 04:10:40	2016-06-29 16:59:02.536351	3	\N	\N
112	Huyn Nh B	3	\N	2015-11-03 04:10:40	2016-06-29 16:59:02.547276	3	\N	\N
113	Huyn Hc Mn	3	\N	2015-11-03 04:10:40	2016-06-29 16:59:02.556695	3	\N	\N
114	Huyn C Chi	3	\N	2015-11-03 04:10:40	2016-06-29 16:59:02.572176	3	\N	\N
115	Huyn Cn Gi	3	\N	2015-11-03 04:10:40	2016-06-29 16:59:02.58323	3	\N	\N
117	Long Xuyn	3	\N	2015-11-03 04:10:40	2016-06-29 16:59:02.603898	4	\N	\N
119	Ch Mi	3	\N	2015-11-03 04:10:40	2016-06-29 16:59:02.623803	4	\N	\N
121	Tn Chu	3	\N	2015-11-03 04:10:40	2016-06-29 16:59:02.643705	4	\N	\N
122	An Ph	3	\N	2015-11-03 04:10:40	2016-06-29 16:59:02.654352	4	\N	\N
123	Tri Tn	3	\N	2015-11-03 04:10:40	2016-06-29 16:59:02.664508	4	\N	\N
124	Tnh Bin	3	\N	2015-11-03 04:10:40	2016-06-29 16:59:02.674737	4	\N	\N
125	Chu Thnh	3	\N	2015-11-03 04:10:40	2016-06-29 16:59:02.686597	4	\N	\N
126	Chu Ph	3	\N	2015-11-03 04:10:40	2016-06-29 16:59:02.697093	4	\N	\N
127	Thoi Sn	3	\N	2015-11-03 04:10:40	2016-06-29 16:59:02.707413	4	\N	\N
128	Tp.Vng Tu	3	\N	2015-11-03 04:10:40	2016-06-29 16:59:02.717003	5	\N	\N
130	Huyn Chu c	3	\N	2015-11-03 04:10:40	2016-06-29 16:59:02.734301	5	\N	\N
131	Huyn Cn o	3	\N	2015-11-03 04:10:40	2016-06-29 16:59:02.744431	5	\N	\N
132	Huyn Long in	3	\N	2015-11-03 04:10:40	2016-06-29 16:59:02.754557	5	\N	\N
133	Huyn t 	3	\N	2015-11-03 04:10:40	2016-06-29 16:59:02.764324	5	\N	\N
134	Huyn Tn Thnh	3	\N	2015-11-03 04:10:40	2016-06-29 16:59:02.775037	5	\N	\N
135	Huyn Xuyn Mc	3	\N	2015-11-03 04:10:40	2016-06-29 16:59:02.785406	5	\N	\N
136	Bn Ct	3	\N	2015-11-03 04:10:40	2016-06-29 16:59:02.795397	6	\N	\N
137	Du Ting	3	\N	2015-11-03 04:10:40	2016-06-29 16:59:02.805151	6	\N	\N
138	D An	3	\N	2015-11-03 04:10:40	2016-06-29 16:59:02.81842	6	\N	\N
140	Tn Uyn	3	\N	2015-11-03 04:10:40	2016-06-29 16:59:02.839055	6	\N	\N
141	Thun An	3	\N	2015-11-03 04:10:40	2016-06-29 16:59:02.847987	6	\N	\N
142	Th Du Mt	3	\N	2015-11-03 04:10:40	2016-06-29 16:59:02.858895	6	\N	\N
143	ng Xoi	3	\N	2015-11-03 04:10:40	2016-06-29 16:59:02.869495	7	\N	\N
144	ng Ph	3	\N	2015-11-03 04:10:40	2016-06-29 16:59:02.879487	7	\N	\N
145	Phc Long	3	\N	2015-11-03 04:10:40	2016-06-29 16:59:02.8906	7	\N	\N
146	Lc Ninh	3	\N	2015-11-03 04:10:40	2016-06-29 16:59:02.901041	7	\N	\N
147	B ng	3	\N	2015-11-03 04:10:40	2016-06-29 16:59:02.911111	7	\N	\N
149	B p	3	\N	2015-11-03 04:10:40	2016-06-29 16:59:02.94011	7	\N	\N
150	Chn Thnh	3	\N	2015-11-03 04:10:40	2016-06-29 16:59:02.949873	7	\N	\N
151	Hm Thun Bc	3	\N	2015-11-03 04:10:40	2016-06-29 16:59:02.958333	8	\N	\N
152	Tnh Linh	3	\N	2015-11-03 04:10:40	2016-06-29 16:59:02.967087	8	\N	\N
153	Tuy phong	3	\N	2015-11-03 04:10:40	2016-06-29 16:59:02.977299	8	\N	\N
154	Hm Thun Nam	3	\N	2015-11-03 04:10:40	2016-06-29 16:59:02.988374	8	\N	\N
155	TP Quy Nhn	3	\N	2015-11-03 04:10:40	2016-06-29 16:59:02.998503	9	\N	\N
156	An Lo	3	\N	2015-11-03 04:10:40	2016-06-29 16:59:03.009508	9	\N	\N
158	Vn Canh	3	\N	2015-11-03 04:10:40	2016-06-29 16:59:03.030277	9	\N	\N
159	Hoi n	3	\N	2015-11-03 04:10:40	2016-06-29 16:59:03.040861	9	\N	\N
160	Hoi Nhn	3	\N	2015-11-03 04:10:40	2016-06-29 16:59:03.051174	9	\N	\N
161	Ph M	3	\N	2015-11-03 04:10:40	2016-06-29 16:59:03.065229	9	\N	\N
162	Ph Ct	3	\N	2015-11-03 04:10:40	2016-06-29 16:59:03.075692	9	\N	\N
163	Ty Sn	3	\N	2015-11-03 04:10:40	2016-06-29 16:59:03.086366	9	\N	\N
164	An Nhn	3	\N	2015-11-03 04:10:40	2016-06-29 16:59:03.096283	9	\N	\N
165	Tuy Phc	3	\N	2015-11-03 04:10:40	2016-06-29 16:59:03.106831	9	\N	\N
166	Bc Liu	3	\N	2015-11-03 04:10:40	2016-06-29 16:59:03.116804	10	\N	\N
168	ng Hi	3	\N	2015-11-03 04:10:40	2016-06-29 16:59:03.13794	10	\N	\N
169	Gi Rai	3	\N	2015-11-03 04:10:40	2016-06-29 16:59:03.14878	10	\N	\N
170	Hng Dn	3	\N	2015-11-03 04:10:40	2016-06-29 16:59:03.159349	10	\N	\N
171	Phc Long	3	\N	2015-11-03 04:10:40	2016-06-29 16:59:03.169983	10	\N	\N
172	Vnh Li	3	\N	2015-11-03 04:10:40	2016-06-29 16:59:03.182641	10	\N	\N
173	TP Bc Giang	3	\N	2015-11-03 04:10:40	2016-06-29 16:59:03.1921	11	\N	\N
174	Lng Giang	3	\N	2015-11-03 04:10:40	2016-06-29 16:59:03.20174	11	\N	\N
175	Hip Ho	3	\N	2015-11-03 04:10:40	2016-06-29 16:59:03.21044	11	\N	\N
177	Yn Dng	3	\N	2015-11-03 04:10:40	2016-06-29 16:59:03.230929	11	\N	\N
178	Tn Yn	3	\N	2015-11-03 04:10:40	2016-06-29 16:59:03.241374	11	\N	\N
179	Lc Nam	3	\N	2015-11-03 04:10:40	2016-06-29 16:59:03.251873	11	\N	\N
180	Lc Ngn	3	\N	2015-11-03 04:10:40	2016-06-29 16:59:03.26184	11	\N	\N
181	Sn ng	3	\N	2015-11-03 04:10:40	2016-06-29 16:59:03.272642	11	\N	\N
182	Yn Th	3	\N	2015-11-03 04:10:40	2016-06-29 16:59:03.28242	11	\N	\N
184	Pc Nm 	3	\N	2015-11-03 04:10:40	2016-06-29 16:59:03.304344	12	\N	\N
185	Ch n	3	\N	2015-11-03 04:10:40	2016-06-29 16:59:03.3196	12	\N	\N
186	Ch Mi	3	\N	2015-11-03 04:10:40	2016-06-29 16:59:03.329681	12	\N	\N
187	Bch Thng	3	\N	2015-11-03 04:10:40	2016-06-29 16:59:03.341406	12	\N	\N
188	Na R	3	\N	2015-11-03 04:10:40	2016-06-29 16:59:03.351084	12	\N	\N
189	Ngn Sn	3	\N	2015-11-03 04:10:40	2016-06-29 16:59:03.358632	12	\N	\N
190	Ba B	3	\N	2015-11-03 04:10:40	2016-06-29 16:59:03.36702	12	\N	\N
191	Th x Bc Ninh	3	\N	2015-11-03 04:10:40	2016-06-29 16:59:03.376895	13	\N	\N
192	Gia Bnh	3	\N	2015-11-03 04:10:40	2016-06-29 16:59:03.387844	13	\N	\N
193	Lng Ti	3	\N	2015-11-03 04:10:40	2016-06-29 16:59:03.397831	13	\N	\N
194	Qu V	3	\N	2015-11-03 04:10:40	2016-06-29 16:59:03.408391	13	\N	\N
196	Thun Thnh	3	\N	2015-11-03 04:10:40	2016-06-29 16:59:03.429653	13	\N	\N
197	Tin Du	3	\N	2015-11-03 04:10:40	2016-06-29 16:59:03.440726	13	\N	\N
198	T Sn	3	\N	2015-11-03 04:10:40	2016-06-29 16:59:03.451707	13	\N	\N
199	Th x Bn Tre 	3	\N	2015-11-03 04:10:40	2016-06-29 16:59:03.460248	14	\N	\N
200	Chu Thnh	3	\N	2015-11-03 04:10:40	2016-06-29 16:59:03.469963	14	\N	\N
201	Ch Lch	3	\N	2015-11-03 04:10:40	2016-06-29 16:59:03.481129	14	\N	\N
202	Bnh i	3	\N	2015-11-03 04:10:40	2016-06-29 16:59:03.492614	14	\N	\N
203	Ging Trm	3	\N	2015-11-03 04:10:40	2016-06-29 16:59:03.504672	14	\N	\N
205	Ba Tri	3	\N	2015-11-03 04:10:40	2016-06-29 16:59:03.527469	14	\N	\N
206	Thnh Ph	3	\N	2015-11-03 04:10:40	2016-06-29 16:59:03.539453	14	\N	\N
207	Th X Cao Bng	3	\N	2015-11-03 04:10:40	2016-06-29 16:59:03.550386	15	\N	\N
208	Ho An 	3	\N	2015-11-03 04:10:40	2016-06-29 16:59:03.564743	15	\N	\N
209	Qung Uyn	3	\N	2015-11-03 04:10:40	2016-06-29 16:59:03.577969	15	\N	\N
210	Phc Ho	3	\N	2015-11-03 04:10:40	2016-06-29 16:59:03.586773	15	\N	\N
211	Tr Linh	3	\N	2015-11-03 04:10:40	2016-06-29 16:59:03.594877	15	\N	\N
212	Thch An	3	\N	2015-11-03 04:10:40	2016-06-29 16:59:03.606098	15	\N	\N
214	Bo Lc	3	\N	2015-11-03 04:10:40	2016-06-29 16:59:03.63257	15	\N	\N
215	Bo Lm	3	\N	2015-11-03 04:10:40	2016-06-29 16:59:03.6451	15	\N	\N
216	Trng Khnh	3	\N	2015-11-03 04:10:40	2016-06-29 16:59:03.655596	15	\N	\N
217	Tp C Mau	3	\N	2015-11-03 04:10:40	2016-06-29 16:59:03.665341	16	\N	\N
218	m Di	3	\N	2015-11-03 04:10:40	2016-06-29 16:59:03.676138	16	\N	\N
219	Thi Bnh	3	\N	2015-11-03 04:10:40	2016-06-29 16:59:03.686713	16	\N	\N
220	Trn Vn Thi	3	\N	2015-11-03 04:10:40	2016-06-29 16:59:03.697155	16	\N	\N
221	Nm Cn	3	\N	2015-11-03 04:10:40	2016-06-29 16:59:03.707648	16	\N	\N
223	Ph Tn	3	\N	2015-11-03 04:10:40	2016-06-29 16:59:03.727704	16	\N	\N
224	Ci Nc	3	\N	2015-11-03 04:10:40	2016-06-29 16:59:03.735422	16	\N	\N
225	U Minh	3	\N	2015-11-03 04:10:40	2016-06-29 16:59:03.742741	16	\N	\N
226	Ninh Kiu 	3	\N	2015-11-03 04:10:40	2016-06-29 16:59:03.752416	17	\N	\N
227	Bnh Thy	3	\N	2015-11-03 04:10:40	2016-06-29 16:59:03.763596	17	\N	\N
228	Ci Rng	3	\N	2015-11-03 04:10:40	2016-06-29 16:59:03.774744	17	\N	\N
229	 Mn	3	\N	2015-11-03 04:10:40	2016-06-29 16:59:03.785635	17	\N	\N
230	Phong in	3	\N	2015-11-03 04:10:40	2016-06-29 16:59:03.793904	17	\N	\N
231	C 	3	\N	2015-11-03 04:10:40	2016-06-29 16:59:03.802331	17	\N	\N
233	Tht Nt	3	\N	2015-11-03 04:10:40	2016-06-29 16:59:03.825216	17	\N	\N
235	An Kh	3	\N	2015-11-03 04:10:40	2016-06-29 16:59:03.843133	18	\N	\N
236	Ayun Pa	3	\N	2015-11-03 04:10:40	2016-06-29 16:59:03.850935	18	\N	\N
237	k P	3	\N	2015-11-03 04:10:40	2016-06-29 16:59:03.860521	18	\N	\N
238	k oa	3	\N	2015-11-03 04:10:40	2016-06-29 16:59:03.870281	18	\N	\N
240	Ch Ph	3	\N	2015-11-03 04:10:40	2016-06-29 16:59:03.890337	18	\N	\N
241	Ch Prng	3	\N	2015-11-03 04:10:40	2016-06-29 16:59:03.89992	18	\N	\N
242	Ch S	3	\N	2015-11-03 04:10:40	2016-06-29 16:59:03.910823	18	\N	\N
243	c C	3	\N	2015-11-03 04:10:40	2016-06-29 16:59:03.921247	18	\N	\N
244	Ia Grai	3	\N	2015-11-03 04:10:40	2016-06-29 16:59:03.931097	18	\N	\N
245	Kbang	3	\N	2015-11-03 04:10:40	2016-06-29 16:59:03.941532	18	\N	\N
246	Krng Pa	3	\N	2015-11-03 04:10:40	2016-06-29 16:59:03.950307	18	\N	\N
247	Kng Chro	3	\N	2015-11-03 04:10:40	2016-06-29 16:59:03.958014	18	\N	\N
249	Ia Pa	3	\N	2015-11-03 04:10:40	2016-06-29 16:59:03.977584	18	\N	\N
250	Ph Thin	3	\N	2015-11-03 04:10:40	2016-06-29 16:59:03.987155	18	\N	\N
251	Th x H Giang	3	\N	2015-11-03 04:10:40	2016-06-29 16:59:03.996794	19	\N	\N
252	Bc M	3	\N	2015-11-03 04:10:40	2016-06-29 16:59:04.006958	19	\N	\N
253	ng Vn	3	\N	2015-11-03 04:10:40	2016-06-29 16:59:04.01569	19	\N	\N
254	Hong Su Ph	3	\N	2015-11-03 04:10:40	2016-06-29 16:59:04.024212	19	\N	\N
255	Mo Vc	3	\N	2015-11-03 04:10:40	2016-06-29 16:59:04.032836	19	\N	\N
256	Quang Bnh	3	\N	2015-11-03 04:10:40	2016-06-29 16:59:04.043166	19	\N	\N
258	V Xuyn	3	\N	2015-11-03 04:10:40	2016-06-29 16:59:04.065453	19	\N	\N
259	Xn Mn	3	\N	2015-11-03 04:10:40	2016-06-29 16:59:04.075401	19	\N	\N
260	Yn Minh	3	\N	2015-11-03 04:10:40	2016-06-29 16:59:04.084361	19	\N	\N
261	Bc Quang	3	\N	2015-11-03 04:10:40	2016-06-29 16:59:04.095213	19	\N	\N
262	Thnh ph Cao Lnh	3	\N	2015-11-03 04:10:40	2016-06-29 16:59:04.105235	20	\N	\N
263	Th x Sa c	3	\N	2015-11-03 04:10:40	2016-06-29 16:59:04.115343	20	\N	\N
264	Thp Mi	3	\N	2015-11-03 04:10:40	2016-06-29 16:59:04.125385	20	\N	\N
265	Thanh Bnh	3	\N	2015-11-03 04:10:40	2016-06-29 16:59:04.135363	20	\N	\N
267	Tam Nng	3	\N	2015-11-03 04:10:40	2016-06-29 16:59:04.154717	20	\N	\N
268	Lp V	3	\N	2015-11-03 04:10:40	2016-06-29 16:59:04.164708	20	\N	\N
269	Lai Vung	3	\N	2015-11-03 04:10:40	2016-06-29 16:59:04.175269	20	\N	\N
270	Hng Ng	3	\N	2015-11-03 04:10:40	2016-06-29 16:59:04.188366	20	\N	\N
271	Chu Thnh	3	\N	2015-11-03 04:10:40	2016-06-29 16:59:04.198286	20	\N	\N
272	Huyn Cao Lnh	3	\N	2015-11-03 04:10:40	2016-06-29 16:59:04.208317	20	\N	\N
273	Tp Bin Ha	3	\N	2015-11-03 04:10:40	2016-06-29 16:59:04.218595	21	\N	\N
274	Long Khnh	3	\N	2015-11-03 04:10:40	2016-06-29 16:59:04.227733	21	\N	\N
276	Nhn Trch	3	\N	2015-11-03 04:10:40	2016-06-29 16:59:04.247065	21	\N	\N
277	Trng Bom	3	\N	2015-11-03 04:10:40	2016-06-29 16:59:04.257852	21	\N	\N
278	Thng Nht	3	\N	2015-11-03 04:10:40	2016-06-29 16:59:04.268218	21	\N	\N
279	Cm M	3	\N	2015-11-03 04:10:40	2016-06-29 16:59:04.278416	21	\N	\N
280	Vnh Cu	3	\N	2015-11-03 04:10:40	2016-06-29 16:59:04.289859	21	\N	\N
281	Xun Lc	3	\N	2015-11-03 04:10:40	2016-06-29 16:59:04.299867	21	\N	\N
282	nh Qun	3	\N	2015-11-03 04:10:40	2016-06-29 16:59:04.322646	21	\N	\N
283	Tn Ph	3	\N	2015-11-03 04:10:40	2016-06-29 16:59:04.330974	21	\N	\N
285	in Bin	3	\N	2015-11-03 04:10:40	2016-06-29 16:59:04.349034	22	\N	\N
286	in Bin ng	3	\N	2015-11-03 04:10:40	2016-06-29 16:59:04.358012	22	\N	\N
287	Mng ng	3	\N	2015-11-03 04:10:40	2016-06-29 16:59:04.365835	22	\N	\N
288	Mng Ch	3	\N	2015-11-03 04:10:40	2016-06-29 16:59:04.374013	22	\N	\N
289	Mng Nh	3	\N	2015-11-03 04:10:40	2016-06-29 16:59:04.384493	22	\N	\N
290	Ta Cha	3	\N	2015-11-03 04:10:40	2016-06-29 16:59:04.392857	22	\N	\N
291	Tun Gio	3	\N	2015-11-03 04:10:40	2016-06-29 16:59:04.400738	22	\N	\N
292	Th x Gia Ngha	3	\N	2015-11-03 04:10:40	2016-06-29 16:59:04.410654	23	\N	\N
293	C Jt	3	\N	2015-11-03 04:10:40	2016-06-29 16:59:04.420961	23	\N	\N
295	k Mil	3	\N	2015-11-03 04:10:40	2016-06-29 16:59:04.442713	23	\N	\N
296	k Song	3	\N	2015-11-03 04:10:40	2016-06-29 16:59:04.451754	23	\N	\N
297	Krng N	3	\N	2015-11-03 04:10:40	2016-06-29 16:59:04.461707	23	\N	\N
298	Tuy c	3	\N	2015-11-03 04:10:40	2016-06-29 16:59:04.470917	23	\N	\N
299	Hi Chu	3	\N	2015-11-03 04:10:40	2016-06-29 16:59:04.478764	24	\N	\N
300	hanh Kh	3	\N	2015-11-03 04:10:40	2016-06-29 16:59:04.48699	24	\N	\N
301	Lin Chiu	3	\N	2015-11-03 04:10:40	2016-06-29 16:59:04.496989	24	\N	\N
302	Sn Tr	3	\N	2015-11-03 04:10:40	2016-06-29 16:59:04.507589	24	\N	\N
304	Ng Hnh Sn	3	\N	2015-11-03 04:10:40	2016-06-29 16:59:04.527385	24	\N	\N
305	Ha Vang	3	\N	2015-11-03 04:10:40	2016-06-29 16:59:04.537262	24	\N	\N
306	Hong Sa	3	\N	2015-11-03 04:10:40	2016-06-29 16:59:04.548322	24	\N	\N
307	Tp Bun Ma Thut	3	\N	2015-11-03 04:10:40	2016-06-29 16:59:04.561795	25	\N	\N
308	Krng Buk	3	\N	2015-11-03 04:10:40	2016-06-29 16:59:04.572953	25	\N	\N
309	Krng Pak	3	\N	2015-11-03 04:10:40	2016-06-29 16:59:04.58055	25	\N	\N
310	Lk	3	\N	2015-11-03 04:10:40	2016-06-29 16:59:04.588248	25	\N	\N
311	Ea Sp	3	\N	2015-11-03 04:10:40	2016-06-29 16:59:04.597845	25	\N	\N
313	Krng Bng	3	\N	2015-11-03 04:10:40	2016-06-29 16:59:04.613736	25	\N	\N
314	Krng Nng	3	\N	2015-11-03 04:10:40	2016-06-29 16:59:04.622263	25	\N	\N
315	Bun n	3	\N	2015-11-03 04:10:40	2016-06-29 16:59:04.63186	25	\N	\N
316	Ea Kar	3	\N	2015-11-03 04:10:40	2016-06-29 16:59:04.642701	25	\N	\N
317	C Kuin	3	\N	2015-11-03 04:10:40	2016-06-29 16:59:04.652308	25	\N	\N
318	Tp Ph L	3	\N	2015-11-03 04:10:40	2016-06-29 16:59:04.662622	26	\N	\N
319	Bnh Lc	3	\N	2015-11-03 04:10:40	2016-06-29 16:59:04.673278	26	\N	\N
320	Duy Tin	3	\N	2015-11-03 04:10:40	2016-06-29 16:59:04.683295	26	\N	\N
322	 Nhn	3	\N	2015-11-03 04:10:40	2016-06-29 16:59:04.702288	26	\N	\N
323	Thanh Lim	3	\N	2015-11-03 04:10:40	2016-06-29 16:59:04.711593	26	\N	\N
324	Tp H Tnh	3	\N	2015-11-03 04:10:40	2016-06-29 16:59:04.720545	27	\N	\N
325	Th x Hng Lnh	3	\N	2015-11-03 04:10:40	2016-06-29 16:59:04.730193	27	\N	\N
326	K Anh	3	\N	2015-11-03 04:10:40	2016-06-29 16:59:04.739484	27	\N	\N
327	Lc H	3	\N	2015-11-03 04:10:40	2016-06-29 16:59:04.750232	27	\N	\N
328	Thch H	3	\N	2015-11-03 04:10:40	2016-06-29 16:59:04.760826	27	\N	\N
329	Can Lc	3	\N	2015-11-03 04:10:40	2016-06-29 16:59:04.771797	27	\N	\N
331	c Th	3	\N	2015-11-03 04:10:40	2016-06-29 16:59:04.793914	27	\N	\N
332	Hng Sn	3	\N	2015-11-03 04:10:40	2016-06-29 16:59:04.803971	27	\N	\N
333	V Quang	3	\N	2015-11-03 04:10:40	2016-06-29 16:59:04.816478	27	\N	\N
334	Cm Xuyn	3	\N	2015-11-03 04:10:40	2016-06-29 16:59:04.826261	27	\N	\N
335	Tp Hi Dng	3	\N	2015-11-03 04:10:40	2016-06-29 16:59:04.835575	28	\N	\N
336	Ch Linh	3	\N	2015-11-03 04:10:40	2016-06-29 16:59:04.847448	28	\N	\N
337	Nam Sch	3	\N	2015-11-03 04:10:40	2016-06-29 16:59:04.85866	28	\N	\N
338	Kinh Mn	3	\N	2015-11-03 04:10:40	2016-06-29 16:59:04.868369	28	\N	\N
340	Thanh H	3	\N	2015-11-03 04:10:40	2016-06-29 16:59:04.887215	28	\N	\N
341	Ninh Giang	3	\N	2015-11-03 04:10:40	2016-06-29 16:59:04.896069	28	\N	\N
342	Gia Lc	3	\N	2015-11-03 04:10:40	2016-06-29 16:59:04.905401	28	\N	\N
343	T K	3	\N	2015-11-03 04:10:40	2016-06-29 16:59:04.9161	28	\N	\N
344	Thanh Min	3	\N	2015-11-03 04:10:40	2016-06-29 16:59:04.926847	28	\N	\N
345	Cm Ging	3	\N	2015-11-03 04:10:40	2016-06-29 16:59:04.936664	28	\N	\N
346	Bnh Giang	3	\N	2015-11-03 04:10:40	2016-06-29 16:59:04.94467	28	\N	\N
347	Dng Kinh	3	\N	2015-11-03 04:10:40	2016-06-29 16:59:04.953567	29	\N	\N
349	Hi An	3	\N	2015-11-03 04:10:40	2016-06-29 16:59:04.97612	29	\N	\N
350	Hng Bng	3	\N	2015-11-03 04:10:40	2016-06-29 16:59:04.984893	29	\N	\N
352	L Chn	3	\N	2015-11-03 04:10:40	2016-06-29 16:59:05.002109	29	\N	\N
353	Ng Quyn	3	\N	2015-11-03 04:10:40	2016-06-29 16:59:05.010527	29	\N	\N
354	An Dng	3	\N	2015-11-03 04:10:40	2016-06-29 16:59:05.019574	29	\N	\N
355	An Lo	3	\N	2015-11-03 04:10:40	2016-06-29 16:59:05.028655	29	\N	\N
356	Bch Long V	3	\N	2015-11-03 04:10:40	2016-06-29 16:59:05.039669	29	\N	\N
358	Kin Thy	3	\N	2015-11-03 04:10:40	2016-06-29 16:59:05.057664	29	\N	\N
359	Thy Nguyn	3	\N	2015-11-03 04:10:40	2016-06-29 16:59:05.069101	29	\N	\N
360	Tin Lng	3	\N	2015-11-03 04:10:40	2016-06-29 16:59:05.079366	29	\N	\N
361	Vnh Bo	3	\N	2015-11-03 04:10:40	2016-06-29 16:59:05.090424	29	\N	\N
362	Th x V Thanh	3	\N	2015-11-03 04:10:40	2016-06-29 16:59:05.100538	30	\N	\N
363	Th x Ng By	3	\N	2015-11-03 04:10:40	2016-06-29 16:59:05.111374	30	\N	\N
364	Long M	3	\N	2015-11-03 04:10:40	2016-06-29 16:59:05.120455	30	\N	\N
365	Phng Hip	3	\N	2015-11-03 04:10:40	2016-06-29 16:59:05.130178	30	\N	\N
367	Chu Thnh A	3	\N	2015-11-03 04:10:40	2016-06-29 16:59:05.149517	30	\N	\N
368	Th x Ho Bnh	3	\N	2015-11-03 04:10:40	2016-06-29 16:59:05.181835	31	\N	\N
369	Cao Phong	3	\N	2015-11-03 04:10:40	2016-06-29 16:59:05.189137	31	\N	\N
370	Lng Sn	3	\N	2015-11-03 04:10:40	2016-06-29 16:59:05.199157	31	\N	\N
371	K Sn	3	\N	2015-11-03 04:10:40	2016-06-29 16:59:05.209485	31	\N	\N
372	Kim Bi	3	\N	2015-11-03 04:10:40	2016-06-29 16:59:05.219119	31	\N	\N
373	Lc Thu	3	\N	2015-11-03 04:10:40	2016-06-29 16:59:05.228637	31	\N	\N
374	Yn Thy	3	\N	2015-11-03 04:10:40	2016-06-29 16:59:05.238206	31	\N	\N
375	 Bc	3	\N	2015-11-03 04:10:40	2016-06-29 16:59:05.247639	31	\N	\N
377	Th x Hng Yn	3	\N	2015-11-03 04:10:40	2016-06-29 16:59:05.267059	32	\N	\N
378	n Thi	3	\N	2015-11-03 04:10:40	2016-06-29 16:59:05.27745	32	\N	\N
379	Khoi Chu	3	\N	2015-11-03 04:10:40	2016-06-29 16:59:05.287628	32	\N	\N
380	Kim ng	3	\N	2015-11-03 04:10:40	2016-06-29 16:59:05.297322	32	\N	\N
381	M Ho	3	\N	2015-11-03 04:10:40	2016-06-29 16:59:05.309627	32	\N	\N
382	Ph C	3	\N	2015-11-03 04:10:40	2016-06-29 16:59:05.321354	32	\N	\N
383	Tin L	3	\N	2015-11-03 04:10:40	2016-06-29 16:59:05.334383	32	\N	\N
384	Vn Giang	3	\N	2015-11-03 04:10:40	2016-06-29 16:59:05.347018	32	\N	\N
386	Yn M	3	\N	2015-11-03 04:10:40	2016-06-29 16:59:05.363822	32	\N	\N
387	Tp Nha Trang	3	\N	2015-11-03 04:10:40	2016-06-29 16:59:05.372892	33	\N	\N
388	Th x Cam Ranh	3	\N	2015-11-03 04:10:40	2016-06-29 16:59:05.383067	33	\N	\N
389	Ninh Ha	3	\N	2015-11-03 04:10:40	2016-06-29 16:59:05.396073	33	\N	\N
390	Din Khnh	3	\N	2015-11-03 04:10:40	2016-06-29 16:59:05.40615	33	\N	\N
391	Vn Ninh	3	\N	2015-11-03 04:10:40	2016-06-29 16:59:05.416517	33	\N	\N
392	Cam Lm	3	\N	2015-11-03 04:10:40	2016-06-29 16:59:05.425478	33	\N	\N
393	Khnh Sn	3	\N	2015-11-03 04:10:40	2016-06-29 16:59:05.433397	33	\N	\N
395	Trng Sa	3	\N	2015-11-03 04:10:40	2016-06-29 16:59:05.45555	33	\N	\N
396	Tp. Rch Gi 	3	\N	2015-11-03 04:10:40	2016-06-29 16:59:05.467657	34	\N	\N
397	Th x H Tin	3	\N	2015-11-03 04:10:40	2016-06-29 16:59:05.482875	34	\N	\N
398	An Bin	3	\N	2015-11-03 04:10:40	2016-06-29 16:59:05.493478	34	\N	\N
399	An Minh	3	\N	2015-11-03 04:10:40	2016-06-29 16:59:05.501434	34	\N	\N
400	Kin Lng	3	\N	2015-11-03 04:10:40	2016-06-29 16:59:05.509936	34	\N	\N
401	Hn t	3	\N	2015-11-03 04:10:40	2016-06-29 16:59:05.518654	34	\N	\N
402	Tn Hip	3	\N	2015-11-03 04:10:40	2016-06-29 16:59:05.528783	34	\N	\N
404	Ging Ring	3	\N	2015-11-03 04:10:40	2016-06-29 16:59:05.560416	34	\N	\N
405	G Quao	3	\N	2015-11-03 04:10:40	2016-06-29 16:59:05.569786	34	\N	\N
406	Vnh Thun	3	\N	2015-11-03 04:10:40	2016-06-29 16:59:05.580604	34	\N	\N
407	Ph Quc	3	\N	2015-11-03 04:10:40	2016-06-29 16:59:05.591354	34	\N	\N
408	Kin Hi	3	\N	2015-11-03 04:10:40	2016-06-29 16:59:05.601711	34	\N	\N
409	U Minh Thng	3	\N	2015-11-03 04:10:40	2016-06-29 16:59:05.612376	34	\N	\N
410	Th x Kontum	3	\N	2015-11-03 04:10:40	2016-06-29 16:59:05.622528	35	\N	\N
411	ak H	3	\N	2015-11-03 04:10:40	2016-06-29 16:59:05.632777	35	\N	\N
412	k T	3	\N	2015-11-03 04:10:40	2016-06-29 16:59:05.64336	35	\N	\N
414	k Glei	3	\N	2015-11-03 04:10:40	2016-06-29 16:59:05.664042	35	\N	\N
415	Sa Thy	3	\N	2015-11-03 04:10:40	2016-06-29 16:59:05.674397	35	\N	\N
416	Kon Ry	3	\N	2015-11-03 04:10:40	2016-06-29 16:59:05.68211	35	\N	\N
417	Kon Plong	3	\N	2015-11-03 04:10:40	2016-06-29 16:59:05.689797	35	\N	\N
418	TuMRng	3	\N	2015-11-03 04:10:40	2016-06-29 16:59:05.699902	35	\N	\N
419	Th x Lai Chu	3	\N	2015-11-03 04:10:40	2016-06-29 16:59:05.710628	36	\N	\N
420	Mng T	3	\N	2015-11-03 04:10:40	2016-06-29 16:59:05.720789	36	\N	\N
421	Phong Th	3	\N	2015-11-03 04:10:40	2016-06-29 16:59:05.730734	36	\N	\N
423	Tam ng	3	\N	2015-11-03 04:10:40	2016-06-29 16:59:05.755765	36	\N	\N
424	Than Uyn	3	\N	2015-11-03 04:10:40	2016-06-29 16:59:05.765977	36	\N	\N
425	Trng nh	3	\N	2015-11-03 04:10:40	2016-06-29 16:59:05.777213	37	\N	\N
426	Vn Lng	3	\N	2015-11-03 04:10:40	2016-06-29 16:59:05.787709	37	\N	\N
427	Vn Quan	3	\N	2015-11-03 04:10:40	2016-06-29 16:59:05.798806	37	\N	\N
428	Bnh Gia	3	\N	2015-11-03 04:10:40	2016-06-29 16:59:05.812888	37	\N	\N
429	Bc Sn	3	\N	2015-11-03 04:10:40	2016-06-29 16:59:05.823126	37	\N	\N
430	Chi Lng	3	\N	2015-11-03 04:10:40	2016-06-29 16:59:05.8347	37	\N	\N
432	Lc Bnh	3	\N	2015-11-03 04:10:40	2016-06-29 16:59:05.871815	37	\N	\N
433	nh Lp	3	\N	2015-11-03 04:10:40	2016-06-29 16:59:05.882305	37	\N	\N
434	Hu Lng	3	\N	2015-11-03 04:10:40	2016-06-29 16:59:05.89245	37	\N	\N
435	TP Lo Cai	3	\N	2015-11-03 04:10:40	2016-06-29 16:59:05.902429	38	\N	\N
436	Bt Xt	3	\N	2015-11-03 04:10:40	2016-06-29 16:59:05.911738	38	\N	\N
437	Bc H	3	\N	2015-11-03 04:10:40	2016-06-29 16:59:05.919196	38	\N	\N
438	Bo Yn	3	\N	2015-11-03 04:10:40	2016-06-29 16:59:05.926779	38	\N	\N
440	Si Ma Cai	3	\N	2015-11-03 04:10:40	2016-06-29 16:59:05.945701	38	\N	\N
441	Sa Pa	3	\N	2015-11-03 04:10:40	2016-06-29 16:59:05.954627	38	\N	\N
442	Vn Bn	3	\N	2015-11-03 04:10:40	2016-06-29 16:59:05.963065	38	\N	\N
443	Tp  Lt	3	\N	2015-11-03 04:10:40	2016-06-29 16:59:05.970923	39	\N	\N
444	Th x Bo Lc	3	\N	2015-11-03 04:10:40	2016-06-29 16:59:05.980941	39	\N	\N
445	Lc Dng	3	\N	2015-11-03 04:10:40	2016-06-29 16:59:05.990367	39	\N	\N
446	n Dng	3	\N	2015-11-03 04:10:40	2016-06-29 16:59:06.00103	39	\N	\N
447	c Trng	3	\N	2015-11-03 04:10:40	2016-06-29 16:59:06.011661	39	\N	\N
448	Lm H	3	\N	2015-11-03 04:10:40	2016-06-29 16:59:06.021342	39	\N	\N
449	Di Linh	3	\N	2015-11-03 04:10:40	2016-06-29 16:59:06.032238	39	\N	\N
451	 Huoai	3	\N	2015-11-03 04:10:40	2016-06-29 16:59:06.052634	39	\N	\N
452	 Th	3	\N	2015-11-03 04:10:40	2016-06-29 16:59:06.065627	39	\N	\N
453	Ct Tin	3	\N	2015-11-03 04:10:40	2016-06-29 16:59:06.07602	39	\N	\N
454	am Rn	3	\N	2015-11-03 04:10:40	2016-06-29 16:59:06.088252	39	\N	\N
455	Th x Tn An	3	\N	2015-11-03 04:10:40	2016-06-29 16:59:06.098681	40	\N	\N
456	Bn Lc	3	\N	2015-11-03 04:10:40	2016-06-29 16:59:06.109355	40	\N	\N
457	Cn c	3	\N	2015-11-03 04:10:40	2016-06-29 16:59:06.119566	40	\N	\N
458	Cn Giuc	3	\N	2015-11-03 04:10:40	2016-06-29 16:59:06.130416	40	\N	\N
460	c Ha	3	\N	2015-11-03 04:10:40	2016-06-29 16:59:06.147728	40	\N	\N
461	c Hu	3	\N	2015-11-03 04:10:40	2016-06-29 16:59:06.156084	40	\N	\N
462	Mc Ha	3	\N	2015-11-03 04:10:40	2016-06-29 16:59:06.165369	40	\N	\N
463	Tn Hng	3	\N	2015-11-03 04:10:40	2016-06-29 16:59:06.17702	40	\N	\N
464	Tn Thnh	3	\N	2015-11-03 04:10:40	2016-06-29 16:59:06.184199	40	\N	\N
465	Tn Tr	3	\N	2015-11-03 04:10:40	2016-06-29 16:59:06.193535	40	\N	\N
466	Thnh Ha	3	\N	2015-11-03 04:10:40	2016-06-29 16:59:06.203025	40	\N	\N
468	Vnh Hng	3	\N	2015-11-03 04:10:40	2016-06-29 16:59:06.218809	40	\N	\N
469	Tp. Nam nh	3	\N	2015-11-03 04:10:40	2016-06-29 16:59:06.22743	41	\N	\N
470	Hi Hu	3	\N	2015-11-03 04:10:40	2016-06-29 16:59:06.237524	41	\N	\N
471	M Lc	3	\N	2015-11-03 04:10:40	2016-06-29 16:59:06.246343	41	\N	\N
472	V Bn	3	\N	2015-11-03 04:10:40	2016-06-29 16:59:06.253403	41	\N	\N
473	Giao Thu	3	\N	2015-11-03 04:10:40	2016-06-29 16:59:06.262348	41	\N	\N
474	 Yn	3	\N	2015-11-03 04:10:40	2016-06-29 16:59:06.269829	41	\N	\N
475	Nam Trc	3	\N	2015-11-03 04:10:40	2016-06-29 16:59:06.278117	41	\N	\N
477	Ngha Hng	3	\N	2015-11-03 04:10:40	2016-06-29 16:59:06.335663	41	\N	\N
478	Xun Trng	3	\N	2015-11-03 04:10:40	2016-06-29 16:59:06.368587	41	\N	\N
479	Th x Thi Ha	3	\N	2015-11-03 04:10:40	2016-06-29 16:59:06.403398	42	\N	\N
480	Tp. Vinh	3	\N	2015-11-03 04:10:40	2016-06-29 16:59:06.410875	42	\N	\N
481	Th x Ca L	3	\N	2015-11-03 04:10:40	2016-06-29 16:59:06.420352	42	\N	\N
482	Anh Sn	3	\N	2015-11-03 04:10:40	2016-06-29 16:59:06.430157	42	\N	\N
483	Din Chu	3	\N	2015-11-03 04:10:40	2016-06-29 16:59:06.438077	42	\N	\N
484	Con Cung	3	\N	2015-11-03 04:10:40	2016-06-29 16:59:06.446258	42	\N	\N
486	Nam n	3	\N	2015-11-03 04:10:40	2016-06-29 16:59:06.466037	42	\N	\N
487	 Lng	3	\N	2015-11-03 04:10:40	2016-06-29 16:59:06.476309	42	\N	\N
488	Hng Nguyn	3	\N	2015-11-03 04:10:40	2016-06-29 16:59:06.485316	42	\N	\N
489	Nghi Lc	3	\N	2015-11-03 04:10:40	2016-06-29 16:59:06.492713	42	\N	\N
490	Qu Phong	3	\N	2015-11-03 04:10:40	2016-06-29 16:59:06.500873	42	\N	\N
491	Qu Hp	3	\N	2015-11-03 04:10:40	2016-06-29 16:59:06.510829	42	\N	\N
492	Thanh Chng	3	\N	2015-11-03 04:10:40	2016-06-29 16:59:06.520719	42	\N	\N
493	Tng Dng	3	\N	2015-11-03 04:10:40	2016-06-29 16:59:06.52884	42	\N	\N
494	K Sn	3	\N	2015-11-03 04:10:40	2016-06-29 16:59:06.536711	42	\N	\N
496	Qu Chu	3	\N	2015-11-03 04:10:40	2016-06-29 16:59:06.555834	42	\N	\N
497	Tn K	3	\N	2015-11-03 04:10:40	2016-06-29 16:59:06.56606	42	\N	\N
498	Yn Thnh	3	\N	2015-11-03 04:10:40	2016-06-29 16:59:06.575071	42	\N	\N
499	Tp Ninh Bnh	3	\N	2015-11-03 04:10:40	2016-06-29 16:59:06.58453	43	\N	\N
500	Th x Tam ip	3	\N	2015-11-03 04:10:40	2016-06-29 16:59:06.594718	43	\N	\N
501	Gia Vin	3	\N	2015-11-03 04:10:40	2016-06-29 16:59:06.603611	43	\N	\N
502	Hoa L	3	\N	2015-11-03 04:10:40	2016-06-29 16:59:06.613487	43	\N	\N
503	Kim Sn	3	\N	2015-11-03 04:10:40	2016-06-29 16:59:06.622898	43	\N	\N
505	Yn Khnh	3	\N	2015-11-03 04:10:40	2016-06-29 16:59:06.641783	43	\N	\N
506	Yn M	3	\N	2015-11-03 04:10:40	2016-06-29 16:59:06.653196	43	\N	\N
507	Tp Phan Rang-Thp Chm	3	\N	2015-11-03 04:10:40	2016-06-29 16:59:06.66414	44	\N	\N
508	Bc i	3	\N	2015-11-03 04:10:40	2016-06-29 16:59:06.67424	44	\N	\N
509	Ninh Hi	3	\N	2015-11-03 04:10:40	2016-06-29 16:59:06.68472	44	\N	\N
510	Ninh Phc	3	\N	2015-11-03 04:10:40	2016-06-29 16:59:06.694921	44	\N	\N
511	Ninh Sn	3	\N	2015-11-03 04:10:40	2016-06-29 16:59:06.704631	44	\N	\N
512	Thun Bc	3	\N	2015-11-03 04:10:40	2016-06-29 16:59:06.715202	44	\N	\N
514	Th x Ph Th	3	\N	2015-11-03 04:10:40	2016-06-29 16:59:06.734192	45	\N	\N
515	Cm Kh	3	\N	2015-11-03 04:10:40	2016-06-29 16:59:06.749977	45	\N	\N
516	oan Hng	3	\N	2015-11-03 04:10:40	2016-06-29 16:59:06.759043	45	\N	\N
517	H Ha	3	\N	2015-11-03 04:10:40	2016-06-29 16:59:06.767093	45	\N	\N
518	Lm Thao	3	\N	2015-11-03 04:10:40	2016-06-29 16:59:06.775964	45	\N	\N
519	Ph Ninh	3	\N	2015-11-03 04:10:40	2016-06-29 16:59:06.786306	45	\N	\N
520	Tam Nng	3	\N	2015-11-03 04:10:40	2016-06-29 16:59:06.79726	45	\N	\N
521	Tn Sn	3	\N	2015-11-03 04:10:40	2016-06-29 16:59:06.810644	45	\N	\N
522	Thanh Ba	3	\N	2015-11-03 04:10:40	2016-06-29 16:59:06.82141	45	\N	\N
524	Thanh Thy	3	\N	2015-11-03 04:10:40	2016-06-29 16:59:06.842055	45	\N	\N
525	Yn Lp	3	\N	2015-11-03 04:10:40	2016-06-29 16:59:06.852923	45	\N	\N
526	Tp Tuy Ha	3	\N	2015-11-03 04:10:40	2016-06-29 16:59:06.863663	46	\N	\N
527	ng Ha	3	\N	2015-11-03 04:10:40	2016-06-29 16:59:06.874333	46	\N	\N
528	ng Xun	3	\N	2015-11-03 04:10:40	2016-06-29 16:59:06.884963	46	\N	\N
529	Ph Ha	3	\N	2015-11-03 04:10:40	2016-06-29 16:59:06.895574	46	\N	\N
530	Sn Ha	3	\N	2015-11-03 04:10:40	2016-06-29 16:59:06.904563	46	\N	\N
531	Sng Cu	3	\N	2015-11-03 04:10:40	2016-06-29 16:59:06.912952	46	\N	\N
533	Ty Ha	3	\N	2015-11-03 04:10:40	2016-06-29 16:59:06.932139	46	\N	\N
534	Tuy An	3	\N	2015-11-03 04:10:40	2016-06-29 16:59:06.941689	46	\N	\N
535	Tp ng Hi	3	\N	2015-11-03 04:10:40	2016-06-29 16:59:06.950791	47	\N	\N
536	B Trch	3	\N	2015-11-03 04:10:40	2016-06-29 16:59:06.959301	47	\N	\N
537	L Thy	3	\N	2015-11-03 04:10:40	2016-06-29 16:59:06.968069	47	\N	\N
538	Minh Ha	3	\N	2015-11-03 04:10:40	2016-06-29 16:59:06.977337	47	\N	\N
539	Qung Trch	3	\N	2015-11-03 04:10:40	2016-06-29 16:59:06.987147	47	\N	\N
541	Tuyn Ha	3	\N	2015-11-03 04:10:40	2016-06-29 16:59:07.006013	47	\N	\N
542	Tp Tam K	3	\N	2015-11-03 04:10:40	2016-06-29 16:59:07.015737	48	\N	\N
543	Tp Hi An	3	\N	2015-11-03 04:10:40	2016-06-29 16:59:07.025599	48	\N	\N
544	Duy Xuyn	3	\N	2015-11-03 04:10:40	2016-06-29 16:59:07.035371	48	\N	\N
545	i Lc	3	\N	2015-11-03 04:10:40	2016-06-29 16:59:07.042926	48	\N	\N
546	in Bn	3	\N	2015-11-03 04:10:40	2016-06-29 16:59:07.051425	48	\N	\N
547	ng Giang	3	\N	2015-11-03 04:10:40	2016-06-29 16:59:07.064288	48	\N	\N
548	Nam Giang	3	\N	2015-11-03 04:10:40	2016-06-29 16:59:07.074406	48	\N	\N
549	Ty Giang	3	\N	2015-11-03 04:10:40	2016-06-29 16:59:07.084838	48	\N	\N
551	Hip c	3	\N	2015-11-03 04:10:40	2016-06-29 16:59:07.105375	48	\N	\N
552	Ni Thnh	3	\N	2015-11-03 04:10:40	2016-06-29 16:59:07.114806	48	\N	\N
553	Nam Tr My	3	\N	2015-11-03 04:10:40	2016-06-29 16:59:07.122824	48	\N	\N
554	Bc Tr My	3	\N	2015-11-03 04:10:40	2016-06-29 16:59:07.133835	48	\N	\N
555	Ph Ninh	3	\N	2015-11-03 04:10:40	2016-06-29 16:59:07.145455	48	\N	\N
556	Phc Sn	3	\N	2015-11-03 04:10:40	2016-06-29 16:59:07.155785	48	\N	\N
557	Thng Bnh	3	\N	2015-11-03 04:10:40	2016-06-29 16:59:07.166743	48	\N	\N
558	Tin Phc	3	\N	2015-11-03 04:10:40	2016-06-29 16:59:07.179737	48	\N	\N
560	Tp Qung Ngi	3	\N	2015-11-03 04:10:40	2016-06-29 16:59:07.201273	49	\N	\N
561	Ba T	3	\N	2015-11-03 04:10:40	2016-06-29 16:59:07.21188	49	\N	\N
562	Bnh Sn	3	\N	2015-11-03 04:10:40	2016-06-29 16:59:07.22231	49	\N	\N
563	c Ph	3	\N	2015-11-03 04:10:40	2016-06-29 16:59:07.233086	49	\N	\N
564	Minh Long	3	\N	2015-11-03 04:10:40	2016-06-29 16:59:07.24341	49	\N	\N
565	M c	3	\N	2015-11-03 04:10:40	2016-06-29 16:59:07.25417	49	\N	\N
566	Sn H	3	\N	2015-11-03 04:10:40	2016-06-29 16:59:07.264162	49	\N	\N
567	Sn Ty	3	\N	2015-11-03 04:10:40	2016-06-29 16:59:07.27463	49	\N	\N
569	Ty Tr	3	\N	2015-11-03 04:10:40	2016-06-29 16:59:07.295078	49	\N	\N
570	Tr Bng	3	\N	2015-11-03 04:10:40	2016-06-29 16:59:07.303108	49	\N	\N
571	T Ngha	3	\N	2015-11-03 04:10:40	2016-06-29 16:59:07.315617	49	\N	\N
572	L Sn	3	\N	2015-11-03 04:10:40	2016-06-29 16:59:07.323072	49	\N	\N
573	Tp H Long	3	\N	2015-11-03 04:10:40	2016-06-29 16:59:07.331899	50	\N	\N
574	Th x Cm Ph	3	\N	2015-11-03 04:10:40	2016-06-29 16:59:07.340606	50	\N	\N
575	Th x Mng Ci	3	\N	2015-11-03 04:10:40	2016-06-29 16:59:07.350104	50	\N	\N
577	Ba Ch	3	\N	2015-11-03 04:10:40	2016-06-29 16:59:07.370268	50	\N	\N
578	Bnh Liu	3	\N	2015-11-03 04:10:40	2016-06-29 16:59:07.381275	50	\N	\N
579	m H	3	\N	2015-11-03 04:10:40	2016-06-29 16:59:07.391579	50	\N	\N
580	ng Triu	3	\N	2015-11-03 04:10:40	2016-06-29 16:59:07.40251	50	\N	\N
581	Hi H	3	\N	2015-11-03 04:10:40	2016-06-29 16:59:07.413316	50	\N	\N
582	Honh B	3	\N	2015-11-03 04:10:40	2016-06-29 16:59:07.423584	50	\N	\N
584	Vn n	3	\N	2015-11-03 04:10:40	2016-06-29 16:59:07.44681	50	\N	\N
585	Yn Hng	3	\N	2015-11-03 04:10:40	2016-06-29 16:59:07.45591	50	\N	\N
586	Th x ng H	3	\N	2015-11-03 04:10:40	2016-06-29 16:59:07.46874	51	\N	\N
587	Th x Qung Tr	3	\N	2015-11-03 04:10:40	2016-06-29 16:59:07.479095	51	\N	\N
588	Cam L	3	\N	2015-11-03 04:10:40	2016-06-29 16:59:07.486989	51	\N	\N
589	Cn C	3	\N	2015-11-03 04:10:40	2016-06-29 16:59:07.495948	51	\N	\N
591	Gio Linh	3	\N	2015-11-03 04:10:40	2016-06-29 16:59:07.515387	51	\N	\N
592	Hi Lng	3	\N	2015-11-03 04:10:40	2016-06-29 16:59:07.524983	51	\N	\N
593	Hng Ha	3	\N	2015-11-03 04:10:40	2016-06-29 16:59:07.5351	51	\N	\N
594	Triu Phong	3	\N	2015-11-03 04:10:40	2016-06-29 16:59:07.546557	51	\N	\N
595	Vnh Linh	3	\N	2015-11-03 04:10:40	2016-06-29 16:59:07.55738	51	\N	\N
596	Tp Sc Trng	3	\N	2015-11-03 04:10:40	2016-06-29 16:59:07.568352	52	\N	\N
597	Long Ph	3	\N	2015-11-03 04:10:40	2016-06-29 16:59:07.576766	52	\N	\N
598	C Lao Dung	3	\N	2015-11-03 04:10:40	2016-06-29 16:59:07.58541	52	\N	\N
600	Thnh Tr	3	\N	2015-11-03 04:10:40	2016-06-29 16:59:07.603361	52	\N	\N
601	Vnh Chu	3	\N	2015-11-03 04:10:40	2016-06-29 16:59:07.611407	52	\N	\N
602	Ng Nm	3	\N	2015-11-03 04:10:40	2016-06-29 16:59:07.620463	52	\N	\N
603	K Sch	3	\N	2015-11-03 04:10:40	2016-06-29 16:59:07.630836	52	\N	\N
604	M Xuyn	3	\N	2015-11-03 04:10:40	2016-06-29 16:59:07.640632	52	\N	\N
605	Tp Sn La	3	\N	2015-11-03 04:10:40	2016-06-29 16:59:07.650753	53	\N	\N
606	Qunh Nhai	3	\N	2015-11-03 04:10:40	2016-06-29 16:59:07.659786	53	\N	\N
607	Mng La	3	\N	2015-11-03 04:10:40	2016-06-29 16:59:07.669824	53	\N	\N
609	Ph Yn	3	\N	2015-11-03 04:10:40	2016-06-29 16:59:07.689929	53	\N	\N
610	Bc Yn	3	\N	2015-11-03 04:10:40	2016-06-29 16:59:07.699548	53	\N	\N
611	Mai Sn	3	\N	2015-11-03 04:10:40	2016-06-29 16:59:07.708611	53	\N	\N
612	Sng M	3	\N	2015-11-03 04:10:40	2016-06-29 16:59:07.717061	53	\N	\N
613	Yn Chu	3	\N	2015-11-03 04:10:40	2016-06-29 16:59:07.72535	53	\N	\N
614	Mc Chu	3	\N	2015-11-03 04:10:40	2016-06-29 16:59:07.735115	53	\N	\N
615	Sp Cp	3	\N	2015-11-03 04:10:40	2016-06-29 16:59:07.745733	53	\N	\N
616	Th x Ty Ninh	3	\N	2015-11-03 04:10:40	2016-06-29 16:59:07.755699	54	\N	\N
617	Tn Bin	3	\N	2015-11-03 04:10:40	2016-06-29 16:59:07.77196	54	\N	\N
619	Dng Minh Chu	3	\N	2015-11-03 04:10:40	2016-06-29 16:59:07.789828	54	\N	\N
620	Chu Thnh	3	\N	2015-11-03 04:10:40	2016-06-29 16:59:07.800609	54	\N	\N
621	Ha Thnh	3	\N	2015-11-03 04:10:40	2016-06-29 16:59:07.815423	54	\N	\N
622	Bn Cu	3	\N	2015-11-03 04:10:40	2016-06-29 16:59:07.82563	54	\N	\N
623	G Du	3	\N	2015-11-03 04:10:40	2016-06-29 16:59:07.835191	54	\N	\N
624	Trng Bng	3	\N	2015-11-03 04:10:40	2016-06-29 16:59:07.843066	54	\N	\N
625	Tp Thanh Ha	3	\N	2015-11-03 04:10:40	2016-06-29 16:59:07.851634	55	\N	\N
627	Th x Sm Sn	3	\N	2015-11-03 04:10:40	2016-06-29 16:59:07.872288	55	\N	\N
628	B Thc	3	\N	2015-11-03 04:10:40	2016-06-29 16:59:07.883478	55	\N	\N
629	Cm Thy	3	\N	2015-11-03 04:10:40	2016-06-29 16:59:07.893025	55	\N	\N
630	ng Sn	3	\N	2015-11-03 04:10:40	2016-06-29 16:59:07.90393	55	\N	\N
631	H Trung	3	\N	2015-11-03 04:10:40	2016-06-29 16:59:07.914691	55	\N	\N
632	Hu Lc	3	\N	2015-11-03 04:10:40	2016-06-29 16:59:07.925048	55	\N	\N
633	Hong Ha	3	\N	2015-11-03 04:10:40	2016-06-29 16:59:07.935519	55	\N	\N
634	Lang Chnh	3	\N	2015-11-03 04:10:40	2016-06-29 16:59:07.943456	55	\N	\N
635	Mng Lt	3	\N	2015-11-03 04:10:40	2016-06-29 16:59:07.952257	55	\N	\N
636	Nga Sn	3	\N	2015-11-03 04:10:40	2016-06-29 16:59:07.964052	55	\N	\N
638	Nh Thanh	3	\N	2015-11-03 04:10:40	2016-06-29 16:59:07.98551	55	\N	\N
639	Nh Xun	3	\N	2015-11-03 04:10:40	2016-06-29 16:59:07.99557	55	\N	\N
640	Nng Cng	3	\N	2015-11-03 04:10:40	2016-06-29 16:59:08.006716	55	\N	\N
641	Quan Ha	3	\N	2015-11-03 04:10:40	2016-06-29 16:59:08.017392	55	\N	\N
642	Quan Sn	3	\N	2015-11-03 04:10:40	2016-06-29 16:59:08.027337	55	\N	\N
643	Qung Xng	3	\N	2015-11-03 04:10:40	2016-06-29 16:59:08.037927	55	\N	\N
644	Thch Thnh	3	\N	2015-11-03 04:10:40	2016-06-29 16:59:08.049355	55	\N	\N
645	Thiu Ha	3	\N	2015-11-03 04:10:40	2016-06-29 16:59:08.061342	55	\N	\N
646	Th Xun	3	\N	2015-11-03 04:10:40	2016-06-29 16:59:08.070353	55	\N	\N
648	Tnh Gia	3	\N	2015-11-03 04:10:40	2016-06-29 16:59:08.087672	55	\N	\N
649	Triu Sn	3	\N	2015-11-03 04:10:40	2016-06-29 16:59:08.098472	55	\N	\N
650	Vnh Lc	3	\N	2015-11-03 04:10:40	2016-06-29 16:59:08.109191	55	\N	\N
651	Yn nh	3	\N	2015-11-03 04:10:40	2016-06-29 16:59:08.119785	55	\N	\N
652	Tp Thi Bnh	3	\N	2015-11-03 04:10:40	2016-06-29 16:59:08.130582	56	\N	\N
653	Thi Thu	3	\N	2015-11-03 04:10:40	2016-06-29 16:59:08.138712	56	\N	\N
654	Tin Hi	3	\N	2015-11-03 04:10:40	2016-06-29 16:59:08.147059	56	\N	\N
655	ng Hng	3	\N	2015-11-03 04:10:40	2016-06-29 16:59:08.15722	56	\N	\N
657	Kin Xng	3	\N	2015-11-03 04:10:40	2016-06-29 16:59:08.182185	56	\N	\N
658	Qunh Ph	3	\N	2015-11-03 04:10:40	2016-06-29 16:59:08.191976	56	\N	\N
659	Hng H	3	\N	2015-11-03 04:10:40	2016-06-29 16:59:08.20149	56	\N	\N
660	Tp Thi Nguyn	3	\N	2015-11-03 04:10:40	2016-06-29 16:59:08.210914	57	\N	\N
661	Th x Sng Cng	3	\N	2015-11-03 04:10:40	2016-06-29 16:59:08.21923	57	\N	\N
662	Ph Yn	3	\N	2015-11-03 04:10:40	2016-06-29 16:59:08.228451	57	\N	\N
663	Ph Bnh	3	\N	2015-11-03 04:10:40	2016-06-29 16:59:08.241949	57	\N	\N
664	 ng H	3	\N	2015-11-03 04:10:40	2016-06-29 16:59:08.256745	57	\N	\N
666	nh Ha	3	\N	2015-11-03 04:10:40	2016-06-29 16:59:08.281166	57	\N	\N
667	i T	3	\N	2015-11-03 04:10:40	2016-06-29 16:59:08.292643	57	\N	\N
668	Ph Lng	3	\N	2015-11-03 04:10:40	2016-06-29 16:59:08.307257	57	\N	\N
669	Thnh ph Hu	3	\N	2015-11-03 04:10:40	2016-06-29 16:59:08.321075	58	\N	\N
670	A Li	3	\N	2015-11-03 04:10:40	2016-06-29 16:59:08.329922	58	\N	\N
671	Ph Lc	3	\N	2015-11-03 04:10:40	2016-06-29 16:59:08.342333	58	\N	\N
672	Hng Thy	3	\N	2015-11-03 04:10:40	2016-06-29 16:59:08.354855	58	\N	\N
673	Ph Vang	3	\N	2015-11-03 04:10:40	2016-06-29 16:59:08.367302	58	\N	\N
675	Qung in	3	\N	2015-11-03 04:10:40	2016-06-29 16:59:08.393185	58	\N	\N
676	Nam ng	3	\N	2015-11-03 04:10:40	2016-06-29 16:59:08.405207	58	\N	\N
677	Tp M Tho	3	\N	2015-11-03 04:10:40	2016-06-29 16:59:08.417848	59	\N	\N
678	Th x G Cng	3	\N	2015-11-03 04:10:40	2016-06-29 16:59:08.426805	59	\N	\N
679	Ci B	3	\N	2015-11-03 04:10:40	2016-06-29 16:59:08.437351	59	\N	\N
680	Cai Ly	3	\N	2015-11-03 04:10:40	2016-06-29 16:59:08.449308	59	\N	\N
681	Chu Thnh	3	\N	2015-11-03 04:10:40	2016-06-29 16:59:08.461629	59	\N	\N
682	Tn Phc	3	\N	2015-11-03 04:10:40	2016-06-29 16:59:08.471948	59	\N	\N
683	Ch Go	3	\N	2015-11-03 04:10:40	2016-06-29 16:59:08.482063	59	\N	\N
685	G Cng ng	3	\N	2015-11-03 04:10:40	2016-06-29 16:59:08.506442	59	\N	\N
686	Tn Ph ng	3	\N	2015-11-03 04:10:40	2016-06-29 16:59:08.519222	59	\N	\N
687	Th x Tr Vinh	3	\N	2015-11-03 04:10:40	2016-06-29 16:59:08.53161	60	\N	\N
688	Tr C	3	\N	2015-11-03 04:10:40	2016-06-29 16:59:08.543148	60	\N	\N
689	Duyn Hi	3	\N	2015-11-03 04:10:40	2016-06-29 16:59:08.554239	60	\N	\N
690	Cu Ngang	3	\N	2015-11-03 04:10:40	2016-06-29 16:59:08.568297	60	\N	\N
691	Chu Thnh	3	\N	2015-11-03 04:10:40	2016-06-29 16:59:08.580295	60	\N	\N
692	Cu K	3	\N	2015-11-03 04:10:40	2016-06-29 16:59:08.591063	60	\N	\N
694	Cng Long 	3	\N	2015-11-03 04:10:40	2016-06-29 16:59:08.613139	60	\N	\N
695	Th x Tuyn Quang 	3	\N	2015-11-03 04:10:40	2016-06-29 16:59:08.623815	61	\N	\N
696	Na Hang 	3	\N	2015-11-03 04:10:40	2016-06-29 16:59:08.635617	61	\N	\N
697	Chim Ho	3	\N	2015-11-03 04:10:40	2016-06-29 16:59:08.646264	61	\N	\N
1	Vit Nam	1	\N	2015-11-03 04:10:40	2016-06-29 16:59:01.540618	0	\N	\N
8	Bnh Thun	2	\N	2015-11-03 04:10:40	2016-06-29 16:59:01.60749	1	\N	\N
18	Gia Lai	2	\N	2015-11-03 04:10:40	2016-06-29 16:59:01.690362	1	\N	\N
27	H Tnh	2	\N	2015-11-03 04:10:40	2016-06-29 16:59:01.761031	1	\N	\N
36	Lai Chu	2	\N	2015-11-03 04:10:40	2016-06-29 16:59:01.837408	1	\N	\N
44	Ninh Thun	2	\N	2015-11-03 04:10:40	2016-06-29 16:59:01.90586	1	\N	\N
54	Ty Ninh	2	\N	2015-11-03 04:10:40	2016-06-29 16:59:01.989633	1	\N	\N
63	Vnh Phc	2	\N	2015-11-03 04:10:40	2016-06-29 16:59:02.067919	1	\N	\N
72	Long Bin	3	\N	2015-11-03 04:10:40	2016-06-29 16:59:02.152218	2	\N	\N
81	Phc Th	3	\N	2015-11-03 04:10:40	2016-06-29 16:59:02.240584	2	\N	\N
89	Chng M	3	\N	2015-11-03 04:10:40	2016-06-29 16:59:02.323675	2	\N	\N
99	Qun 7	3	\N	2015-11-03 04:10:40	2016-06-29 16:59:02.413554	3	\N	\N
108	Ph Nhun	3	\N	2015-11-03 04:10:40	2016-06-29 16:59:02.504799	3	\N	\N
116	Huyn Bnh Chnh	3	\N	2015-11-03 04:10:40	2016-06-29 16:59:02.593958	3	\N	\N
118	Chu c	3	\N	2015-11-03 04:10:40	2016-06-29 16:59:02.613028	4	\N	\N
120	Ph Tn	3	\N	2015-11-03 04:10:40	2016-06-29 16:59:02.633651	4	\N	\N
129	Th x B Ra	3	\N	2015-11-03 04:10:40	2016-06-29 16:59:02.72471	5	\N	\N
139	Ph Gio	3	\N	2015-11-03 04:10:40	2016-06-29 16:59:02.828771	6	\N	\N
148	Bnh Long	3	\N	2015-11-03 04:10:40	2016-06-29 16:59:02.929829	7	\N	\N
157	Vnh Thnh	3	\N	2015-11-03 04:10:40	2016-06-29 16:59:03.020477	9	\N	\N
167	Ho Bnh	3	\N	2015-11-03 04:10:40	2016-06-29 16:59:03.12704	10	\N	\N
176	Vit Yn	3	\N	2015-11-03 04:10:40	2016-06-29 16:59:03.221302	11	\N	\N
183	Th x Bc Kn	3	\N	2015-11-03 04:10:40	2016-06-29 16:59:03.293239	12	\N	\N
195	Yn Phong	3	\N	2015-11-03 04:10:40	2016-06-29 16:59:03.41922	13	\N	\N
204	M Cy	3	\N	2015-11-03 04:10:40	2016-06-29 16:59:03.514718	14	\N	\N
213	Nguyn Bnh	3	\N	2015-11-03 04:10:40	2016-06-29 16:59:03.617373	15	\N	\N
222	Ngc Hin	3	\N	2015-11-03 04:10:40	2016-06-29 16:59:03.717342	16	\N	\N
232	Vnh Thnh	3	\N	2015-11-03 04:10:40	2016-06-29 16:59:03.814927	17	\N	\N
234	Tp Pleiku	3	\N	2015-11-03 04:10:40	2016-06-29 16:59:03.835081	18	\N	\N
239	A Yun Pa	3	\N	2015-11-03 04:10:40	2016-06-29 16:59:03.880052	18	\N	\N
248	Mang Yang	3	\N	2015-11-03 04:10:40	2016-06-29 16:59:03.967885	18	\N	\N
257	Qun B	3	\N	2015-11-03 04:10:40	2016-06-29 16:59:04.052894	19	\N	\N
266	Tn Hng	3	\N	2015-11-03 04:10:40	2016-06-29 16:59:04.144858	20	\N	\N
275	Long Thnh	3	\N	2015-11-03 04:10:40	2016-06-29 16:59:04.23629	21	\N	\N
284	Tp in Bin Ph	3	\N	2015-11-03 04:10:40	2016-06-29 16:59:04.340255	22	\N	\N
294	k Glong	3	\N	2015-11-03 04:10:40	2016-06-29 16:59:04.431977	23	\N	\N
303	Cm L	3	\N	2015-11-03 04:10:40	2016-06-29 16:59:04.516801	24	\N	\N
312	Krng Ana	3	\N	2015-11-03 04:10:40	2016-06-29 16:59:04.605769	25	\N	\N
321	Kim Bng	3	\N	2015-11-03 04:10:40	2016-06-29 16:59:04.693967	26	\N	\N
330	Nghi Xun	3	\N	2015-11-03 04:10:40	2016-06-29 16:59:04.783049	27	\N	\N
339	Kim Thnh	3	\N	2015-11-03 04:10:40	2016-06-29 16:59:04.87935	28	\N	\N
348	 Sn	3	\N	2015-11-03 04:10:40	2016-06-29 16:59:04.964862	29	\N	\N
351	Kin An	3	\N	2015-11-03 04:10:40	2016-06-29 16:59:04.993045	29	\N	\N
357	Ct Hi	3	\N	2015-11-03 04:10:40	2016-06-29 16:59:05.048581	29	\N	\N
366	Chu Thnh	3	\N	2015-11-03 04:10:40	2016-06-29 16:59:05.139394	30	\N	\N
376	Mai Chu	3	\N	2015-11-03 04:10:40	2016-06-29 16:59:05.257037	31	\N	\N
385	Vn Lm	3	\N	2015-11-03 04:10:40	2016-06-29 16:59:05.355386	32	\N	\N
394	Khnh Vnh	3	\N	2015-11-03 04:10:40	2016-06-29 16:59:05.44322	33	\N	\N
403	Chu Thnh	3	\N	2015-11-03 04:10:40	2016-06-29 16:59:05.550478	34	\N	\N
413	Ngc Hi	3	\N	2015-11-03 04:10:40	2016-06-29 16:59:05.65301	35	\N	\N
422	Sn H	3	\N	2015-11-03 04:10:40	2016-06-29 16:59:05.74349	36	\N	\N
431	Cao Lc	3	\N	2015-11-03 04:10:40	2016-06-29 16:59:05.861543	37	\N	\N
439	Mng Khng	3	\N	2015-11-03 04:10:40	2016-06-29 16:59:05.935807	38	\N	\N
450	Bo Lm	3	\N	2015-11-03 04:10:40	2016-06-29 16:59:06.042741	39	\N	\N
459	Chu Thnh	3	\N	2015-11-03 04:10:40	2016-06-29 16:59:06.139801	40	\N	\N
467	Th Tha	3	\N	2015-11-03 04:10:40	2016-06-29 16:59:06.21144	40	\N	\N
476	Trc Ninh	3	\N	2015-11-03 04:10:40	2016-06-29 16:59:06.287966	41	\N	\N
485	Qunh Lu	3	\N	2015-11-03 04:10:40	2016-06-29 16:59:06.456054	42	\N	\N
495	Ngha n	3	\N	2015-11-03 04:10:40	2016-06-29 16:59:06.545338	42	\N	\N
504	Nho Quan	3	\N	2015-11-03 04:10:40	2016-06-29 16:59:06.632144	43	\N	\N
513	Tp Vit Tr	3	\N	2015-11-03 04:10:40	2016-06-29 16:59:06.725931	45	\N	\N
523	Thanh Sn	3	\N	2015-11-03 04:10:40	2016-06-29 16:59:06.832004	45	\N	\N
532	Sng Hinh	3	\N	2015-11-03 04:10:40	2016-06-29 16:59:06.921504	46	\N	\N
540	Qung Ninh	3	\N	2015-11-03 04:10:40	2016-06-29 16:59:06.997331	47	\N	\N
550	Qu Sn	3	\N	2015-11-03 04:10:40	2016-06-29 16:59:07.095251	48	\N	\N
559	Nng Sn	3	\N	2015-11-03 04:10:40	2016-06-29 16:59:07.190347	48	\N	\N
568	Sn Tnh	3	\N	2015-11-03 04:10:40	2016-06-29 16:59:07.28565	49	\N	\N
576	Th x Ung B	3	\N	2015-11-03 04:10:40	2016-06-29 16:59:07.359848	50	\N	\N
583	Tin Yn	3	\N	2015-11-03 04:10:40	2016-06-29 16:59:07.434921	50	\N	\N
590	a Krng	3	\N	2015-11-03 04:10:40	2016-06-29 16:59:07.50507	51	\N	\N
599	 M T	3	\N	2015-11-03 04:10:40	2016-06-29 16:59:07.593842	52	\N	\N
608	Thun Chu	3	\N	2015-11-03 04:10:40	2016-06-29 16:59:07.680003	53	\N	\N
618	Tn Chu	3	\N	2015-11-03 04:10:40	2016-06-29 16:59:07.780681	54	\N	\N
626	Th x Bm Sn	3	\N	2015-11-03 04:10:40	2016-06-29 16:59:07.861853	55	\N	\N
637	Ngc Lc	3	\N	2015-11-03 04:10:40	2016-06-29 16:59:07.974527	55	\N	\N
647	Thng Xun	3	\N	2015-11-03 04:10:40	2016-06-29 16:59:08.079286	55	\N	\N
656	V Th	3	\N	2015-11-03 04:10:40	2016-06-29 16:59:08.171481	56	\N	\N
665	V Nhai	3	\N	2015-11-03 04:10:40	2016-06-29 16:59:08.269081	57	\N	\N
674	Hng Tr	3	\N	2015-11-03 04:10:40	2016-06-29 16:59:08.379952	58	\N	\N
684	G Cng Ty	3	\N	2015-11-03 04:10:40	2016-06-29 16:59:08.494228	59	\N	\N
693	Tiu Cn	3	\N	2015-11-03 04:10:40	2016-06-29 16:59:08.601381	60	\N	\N
698	Hm Yn 	3	\N	2015-11-03 04:10:40	2016-06-29 16:59:08.657757	61	\N	\N
699	Yn Sn 	3	\N	2015-11-03 04:10:40	2016-06-29 16:59:08.666916	61	\N	\N
700	Sn Dng 	3	\N	2015-11-03 04:10:40	2016-06-29 16:59:08.677779	61	\N	\N
701	Th x Vnh Long	3	\N	2015-11-03 04:10:40	2016-06-29 16:59:08.689582	62	\N	\N
702	Long H	3	\N	2015-11-03 04:10:40	2016-06-29 16:59:08.698477	62	\N	\N
703	Mang Tht	3	\N	2015-11-03 04:10:40	2016-06-29 16:59:08.708979	62	\N	\N
704	Tam Bnh	3	\N	2015-11-03 04:10:40	2016-06-29 16:59:08.721778	62	\N	\N
705	Bnh Minh	3	\N	2015-11-03 04:10:40	2016-06-29 16:59:08.731989	62	\N	\N
706	Vng Lim	3	\N	2015-11-03 04:10:40	2016-06-29 16:59:08.742621	62	\N	\N
707	Tr n	3	\N	2015-11-03 04:10:40	2016-06-29 16:59:08.753375	62	\N	\N
708	Tp Vnh Yn	3	\N	2015-11-03 04:10:40	2016-06-29 16:59:08.766163	63	\N	\N
709	Th x Phc Yn	3	\N	2015-11-03 04:10:40	2016-06-29 16:59:08.776915	63	\N	\N
710	Vnh Tng	3	\N	2015-11-03 04:10:40	2016-06-29 16:59:08.799941	63	\N	\N
711	Bnh Xuyn	3	\N	2015-11-03 04:10:40	2016-06-29 16:59:08.812499	63	\N	\N
712	Yn Lc	3	\N	2015-11-03 04:10:40	2016-06-29 16:59:08.822492	63	\N	\N
713	Tam Dng	3	\N	2015-11-03 04:10:40	2016-06-29 16:59:08.833346	63	\N	\N
714	Tam o 	3	\N	2015-11-03 04:10:40	2016-06-29 16:59:08.842563	63	\N	\N
715	Lp Thch	3	\N	2015-11-03 04:10:40	2016-06-29 16:59:08.851424	63	\N	\N
716	Tp Yn Bi	3	\N	2015-11-03 04:10:40	2016-06-29 16:59:08.860512	64	\N	\N
717	Th x Ngha L	3	\N	2015-11-03 04:10:40	2016-06-29 16:59:08.870795	64	\N	\N
718	Lc Yn	3	\N	2015-11-03 04:10:40	2016-06-29 16:59:08.880468	64	\N	\N
719	M Cang Chi	3	\N	2015-11-03 04:10:40	2016-06-29 16:59:08.890837	64	\N	\N
720	Trn Yn	3	\N	2015-11-03 04:10:40	2016-06-29 16:59:08.901975	64	\N	\N
721	Trm Tu	3	\N	2015-11-03 04:10:40	2016-06-29 16:59:08.911918	64	\N	\N
722	Vn Chn	3	\N	2015-11-03 04:10:40	2016-06-29 16:59:08.921758	64	\N	\N
724	Yn Bnh	3	\N	2015-11-03 04:10:40	2016-06-29 16:59:08.938343	64	\N	\N
723	Vn Yn	3	\N	2015-11-03 04:10:40	2016-06-29 16:59:08.929667	64	\N	\N
\.


--
-- Data for Name: areas_articles; Type: TABLE DATA; Schema: public; Owner: nguyenngocson0811
--

COPY areas_articles (id, area_id, article_id, created_at, updated_at) FROM stdin;
\.


--
-- Name: areas_articles_id_seq; Type: SEQUENCE SET; Schema: public; Owner: nguyenngocson0811
--

SELECT pg_catalog.setval('areas_articles_id_seq', 1, false);


--
-- Name: areas_id_seq; Type: SEQUENCE SET; Schema: public; Owner: nguyenngocson0811
--

SELECT pg_catalog.setval('areas_id_seq', 1, false);


--
-- Data for Name: areas_products; Type: TABLE DATA; Schema: public; Owner: nguyenngocson0811
--

COPY areas_products (id, area_id, product_id, created_at, updated_at) FROM stdin;
\.


--
-- Name: areas_products_id_seq; Type: SEQUENCE SET; Schema: public; Owner: nguyenngocson0811
--

SELECT pg_catalog.setval('areas_products_id_seq', 1, false);


--
-- Data for Name: article_categories; Type: TABLE DATA; Schema: public; Owner: nguyenngocson0811
--

COPY article_categories (id, name, description, created_at, updated_at, level, meta_keywords, meta_description, name_vi, description_vi) FROM stdin;
41	Tour Chu 		2016-07-01 02:54:44.640974	2016-07-01 02:54:48.296911	3			\N	\N
2	Gii Thiu	about_us	2016-06-30 02:39:17.548226	2016-06-30 02:39:20.316799	1			\N	\N
3	T Chc S Kin	event	2016-06-30 02:39:40.768203	2016-06-30 02:39:43.195536	1			\N	\N
4	Cm Nang Du Lch	tour_handbook	2016-06-30 02:40:12.433805	2016-06-30 02:40:15.768903	1			\N	\N
5	Tin Tc Du Lch	travel_news	2016-06-30 02:40:31.133208	2016-06-30 02:40:33.977401	1			\N	\N
7	T Chc Tour on		2016-06-30 02:41:21.835975	2016-06-30 02:41:24.84484	2			\N	\N
8	T Chc Hi Ngh		2016-06-30 02:41:49.0941	2016-06-30 02:41:51.61168	2			\N	\N
9	Khm Ph		2016-06-30 02:42:44.496813	2016-06-30 02:42:47.354772	2			\N	\N
10	Kinh Nghim		2016-06-30 02:43:03.736306	2016-06-30 02:43:13.46101	2			\N	\N
11	m Thc		2016-06-30 02:43:34.01941	2016-06-30 02:43:36.64468	2			\N	\N
12	Th Gin		2016-06-30 02:43:51.194663	2016-06-30 02:43:53.582568	2			\N	\N
13	Du Lch & Thi Trang		2016-06-30 02:44:06.820144	2016-06-30 02:44:09.436542	2			\N	\N
17	An Giang		2016-07-01 01:47:48.555242	2016-07-01 01:54:51.434407	3			\N	\N
18	Bc Cn		2016-07-01 01:48:35.80699	2016-07-01 01:54:51.466551	3			\N	\N
14	Du Lch Nc Ngoi		2016-06-30 02:44:30.15913	2016-07-01 01:54:51.51544	3			\N	\N
15	Kinh Nghim i Bin o		2016-06-30 02:44:49.98096	2016-07-01 01:54:51.531997	3			\N	\N
16	Du Lch Trong Nc		2016-06-30 02:45:18.25333	2016-07-01 01:54:51.548501	3			\N	\N
19	Bc Giang		2016-07-01 02:22:13.874906	2016-07-01 02:22:19.797281	3			\N	\N
20	Bc Liu		2016-07-01 02:27:31.198236	2016-07-01 02:27:35.501709	3			\N	\N
6	T Chc Teambuilding		2016-06-30 02:40:55.239922	2016-07-01 02:27:50.400563	2			\N	\N
21	Truyn Ci		2016-07-01 02:28:14.264354	2016-07-01 02:28:16.650764	3			\N	\N
42	Tour Chu u		2016-07-01 02:55:00.056622	2016-07-01 02:55:07.31371	3			\N	\N
60	Thu Xe 35 Ch		2016-07-06 07:57:09.844196	2016-07-06 07:57:13.360338	3			\N	\N
27	Tour du lch	tour	2016-07-01 02:32:55.913462	2016-07-01 02:33:21.69022	1			\N	\N
32	Tour Min Bc		2016-07-01 02:36:26.591379	2016-07-01 02:36:29.568526	3			\N	\N
23	nh p		2016-07-01 02:29:02.105534	2016-07-01 02:36:58.001197	3			\N	\N
22	Tour Du Lch		2016-07-01 02:28:31.957659	2016-07-01 02:37:14.012934	3			\N	\N
26	Pht Vit		2016-07-01 02:29:34.285555	2016-07-01 02:37:25.689353	3			\N	\N
24	Chuyn L		2016-07-01 02:29:11.482932	2016-07-01 02:38:09.091222	3			\N	\N
62	Dch V t Phng Khch Sn		2016-07-06 08:02:07.535662	2016-07-06 08:02:10.911345	3			\N	\N
25	Hnh Ch		2016-07-01 02:29:24.71048	2016-07-01 02:38:43.368694	3			\N	\N
33	Tour Min Nam		2016-07-01 02:51:09.706333	2016-07-01 02:51:13.715814	3			\N	\N
63	Dch V t V My Bay		2016-07-06 08:02:31.210808	2016-07-06 08:02:34.527151	3			\N	\N
35	Tour Ty Bc		2016-07-01 02:51:43.488902	2016-07-01 02:51:46.388606	3			\N	\N
34	Tour Min Ty		2016-07-01 02:51:26.09106	2016-07-01 02:51:55.886333	3			\N	\N
36	Tour Hnh Hng		2016-07-01 02:53:05.793221	2016-07-01 02:53:08.881973	3			\N	\N
37	Tour Hc Sinh		2016-07-01 02:53:23.049937	2016-07-01 02:53:26.099946	3			\N	\N
38	Tour Ty Nguyn		2016-07-01 02:53:45.965118	2016-07-01 02:53:48.803052	3			\N	\N
39	Tour Khuyn Mi		2016-07-01 02:54:12.518734	2016-07-01 02:54:15.701638	3			\N	\N
40	Tour ng Nam 		2016-07-01 02:54:28.942983	2016-07-01 02:54:33.354874	3			\N	\N
64	Dch V Lm Th Visa		2016-07-06 08:02:45.425921	2016-07-06 08:02:49.683162	3			\N	\N
53	Khch Sn	hotel	2016-07-06 07:54:49.079302	2016-07-06 08:07:00.742529	2			\N	\N
28	Tour Trong Nc	domestic_tour	2016-07-01 02:34:09.939566	2016-07-04 03:36:00.674412	2			\N	\N
29	Tour Nc Ngoi	foreign_tour	2016-07-01 02:34:21.265496	2016-07-04 03:36:23.43887	2			\N	\N
31	Tour Du Lch Phan Thit		2016-07-01 02:35:56.895657	2016-07-04 04:09:59.90957	3			\N	\N
30	Tour Du Lch Ph Quc		2016-07-01 02:35:40.128788	2016-07-04 04:10:16.314268	3			\N	\N
54	V My Bay	plane_ticket	2016-07-06 07:55:09.187213	2016-07-06 08:07:49.632271	2			\N	\N
55	Lm Th Visa	visa_card	2016-07-06 07:55:45.575314	2016-07-06 08:08:20.90283	2			\N	\N
52	Thu Xe Du Lch	car_hire	2016-07-06 07:54:28.499902	2016-07-06 08:10:41.329078	2			\N	\N
61	Thu Xe 49 Ch		2016-07-06 07:57:18.936245	2016-07-06 08:32:06.447572	3			\N	\N
51	Dch V	services	2016-07-06 07:53:28.863989	2016-07-06 07:53:31.948244	1			\N	\N
56	Thu Xe 4 Ch		2016-07-06 07:56:21.384998	2016-07-06 07:56:24.413745	3			\N	\N
57	Thu Xe 7 Ch		2016-07-06 07:56:32.847305	2016-07-06 07:56:36.065051	3			\N	\N
58	Thu Xe 16 Ch		2016-07-06 07:56:45.101074	2016-07-06 07:56:48.52039	3			\N	\N
59	Thu Xe 29 Ch		2016-07-06 07:56:59.562806	2016-07-06 07:57:02.713493	3			\N	\N
\.


--
-- Data for Name: article_categories_articles; Type: TABLE DATA; Schema: public; Owner: nguyenngocson0811
--

COPY article_categories_articles (id, article_id, article_category_id, created_at, updated_at) FROM stdin;
3	3	26	2016-07-01 03:25:03.427641	2016-07-01 03:25:03.427641
4	4	15	2016-07-01 03:26:28.241774	2016-07-01 03:26:28.241774
7	2	7	2016-07-05 07:26:14.373334	2016-07-05 07:26:14.373334
12	1	5	2016-07-05 08:42:19.556948	2016-07-05 08:42:19.556948
\.


--
-- Name: article_categories_articles_id_seq; Type: SEQUENCE SET; Schema: public; Owner: nguyenngocson0811
--

SELECT pg_catalog.setval('article_categories_articles_id_seq', 12, true);


--
-- Name: article_categories_id_seq; Type: SEQUENCE SET; Schema: public; Owner: nguyenngocson0811
--

SELECT pg_catalog.setval('article_categories_id_seq', 64, true);


--
-- Data for Name: articles; Type: TABLE DATA; Schema: public; Owner: nguyenngocson0811
--

COPY articles (id, image_url, title, content, tags, article_category_id, created_at, updated_at, code_status_id, meta_keywords, meta_description, is_show, page_layout, user_id, approved, image_url_full_width, title_vi, content_vi) FROM stdin;
2	destinations08.png	Teambuilding ta sng cng ng i	<p>Teambuilding lun l mt sn chi y th v v hp dn cho mi ngi. n y chng ta c th t do lm nhng g m chng ta mun, tha sc sng to v th hin bn thn, gt b ht ci s khun kh, t tng ni chn vn phng...cm gic c ha mnh vo tp th, cng tin cng lui vi ng i... xa b ht cc ch kin c nhn, bit sng v ngi khc...nh th bn  thnh cng! Hy n vi chng ti tham gia mt ln v s rt ng nh y</p>\r\n<p>Va i du lch khm ph thin nhin, va tham gia nhiu tr chi th thch cng ng i, nhng nm gn y, loi hnh du lch Teambuilding c ng o bn tr v cc doanh nghip la chn cho nhng chuyn du lch dp h.<br />Team-building c tm dch l gii php xy dng v pht trin i nhm. Tour du lch kt hp Teambuilding ny thng ph hp vi cc on khch cng ty, doanh nghip hay khch nc ngoi i theo nhm va gip gn kt cc thnh vin va gip mi ngi t khm ph bn thn. Ty yu cu ca khch hng, cc cng ty l hnh hoc t chc s kin u thit k nhng chng trnh ring cho mi tp th</p>\r\n<p><img alt="" src="http://haidangtravel.com/filemanager/userfiles/teambuilding-indoor-1.jpg" style="display: block; margin-left: auto; margin-right: auto;" /></p>\r\n<p>Tri nghim mt ngy cng ng i vi chuyn du lch Teambuilding ti bn o Sn Tr. Vi nhiu tr chi mo him, i hi tnh ng i cao nh cho thuyn, lc thng, u dy cc thnh vin tham d  c nhiu c hi chia s, hiu nhau hn  cng nhau pht trin v mc tiu chung. Cc c nhn trong mt i hc c cch lng nghe, pht huy cc th mnh bn thn cng nh khc phc cc im yu, vt qua cc th thch v khng nh bn thn mnh.<br />Thng nhng thng h, khi ma du lch cao im tr nn si ng, cc cng ty l hnh li kh t s vi nhng tour du lch Teambuilding. Cc tour c thit k kh c sc vi nhng ci tn rt ku v y th thch nh: Vt qua chnh mnh, Khai qut b n, To dng tinh thn ng i, Vt ln s phn c nhiu bn tr n nhn v tham gia ht mnh.</p>\r\n<p><img src="http://haidangtravel.com/filemanager/userfiles/imgleaderwithteams.jpg" width="800" caption="false" style="display: block; margin-left: auto; margin-right: auto;" /></p>		\N	2016-06-30 04:24:42.792917	2016-06-30 04:25:04.077429	\N			t	normal	12	t	\N	\N	\N
3	destinations08.png	im danh tro lu ng lu bn bi bin cc hot	<p>Ma h  sp n gn, cn g tuyt vi hn khi c ng lu trn bi bin, ha mnh vo ting sng v r ro v cng bn b chp nh check-in sng o. im danh nhng a imng lu bn bi bin cc hot m bn nht nh phi th trong ma h ny nh.</p>\r\n<p>Sao Bin l mt Khu du lch sinh thi ta lc ti thn Bnh Lp, cch Nha Trang khong 90km v cch trung tm thnh ph Cam Ranh khong 30km. ymt thn nh ca x Cam Lp ang c gii du lch ch  bi ni y c bi bin rt p v mt lng chi nm di chn ni kh nn th.</p>\r\n<div id="attachment_134214">\r\n<p><a href="https://cdn3.ivivu.com/2016/04/du-lich-he-diem-danh-trao-luu-ngu-leu-go-ben-bai-bien-cuc-hot-ivivu-7.jpg"><img alt="nh: Sao Bin Cam Ranh" src="https://cdn3.ivivu.com/2016/04/du-lich-he-diem-danh-trao-luu-ngu-leu-go-ben-bai-bien-cuc-hot-ivivu-7.jpg" title="nh: Sao Bin Cam Ranh" /></a><br />nh: Sao Bin Cam Ranh</p>\r\n</div>\r\n<div id="attachment_134215"><a href="https://cdn3.ivivu.com/2016/04/du-lich-he-diem-danh-trao-luu-ngu-leu-go-ben-bai-bien-cuc-hot-ivivu-1.jpg"><img alt="nh: Sao Bin Cam Ranh" src="https://cdn3.ivivu.com/2016/04/du-lich-he-diem-danh-trao-luu-ngu-leu-go-ben-bai-bien-cuc-hot-ivivu-1.jpg" title="nh: Sao Bin Cam Ranh" /></a><br />nh: Sao Bin Cam Ranh</div>\r\n<p>Vi tiu ch hot ng da vo thin nhin v vn ho a phng gn vi bo v mi trng, khu sinh thi Sao Bin hon ton cn hoang s v t nhin, cha b  nhim v xo trn.</p>\r\n<div id="attachment_134217"><a href="https://cdn3.ivivu.com/2016/04/du-lich-he-diem-danh-trao-luu-ngu-leu-go-ben-bai-bien-cuc-hot-ivivu-2.jpg"><img alt="nh: Sao Bin Cam Ranh" src="https://cdn3.ivivu.com/2016/04/du-lich-he-diem-danh-trao-luu-ngu-leu-go-ben-bai-bien-cuc-hot-ivivu-2.jpg" title="nh: Sao Bin Cam Ranh" /></a><br />nh: Sao Bin Cam Ranh</div>\r\n<p>iu thu ht nht ca khu sinh thi Sao Bin chnh l nhng chic chi g b b xinh xinh nhng li v cng tin nghi. Vi din tch 5m, trong chi c mt nm 1,6m x 2m nm va 2 ngi ln, 1 k bn xp, 1 qut, 1 n, pha trc cn c sn g  bn c th hng gi, nng  n v th gin.</p>\r\n<div id="attachment_134304"><a href="https://cdn3.ivivu.com/2016/04/du-lich-he-diem-danh-trao-luu-ngu-leu-go-ben-bai-bien-cuc-hot-ivivu-5.jpg"><img alt="nh: Sao Bin Cam Ranh" src="https://cdn3.ivivu.com/2016/04/du-lich-he-diem-danh-trao-luu-ngu-leu-go-ben-bai-bien-cuc-hot-ivivu-5.jpg" title="nh: Sao Bin Cam Ranh" /></a><br />nh: Sao Bin Cam Ranh</div>\r\n<div id="attachment_134305"><a href="https://cdn3.ivivu.com/2016/04/du-lich-he-diem-danh-trao-luu-ngu-leu-go-ben-bai-bien-cuc-hot-ivivu-4.jpg"><img alt="nh: Sao Bin Cam Ranh" src="https://cdn3.ivivu.com/2016/04/du-lich-he-diem-danh-trao-luu-ngu-leu-go-ben-bai-bien-cuc-hot-ivivu-4.jpg" title="nh: Sao Bin Cam Ranh" /></a><br />nh: Sao Bin Cam Ranh</div>\r\n<p>Ng lng trong lu c dng bn b bin, bn s c mt cm gic v cng th v. Di lng l ga nm thm m trn nn ct ct phng, ca lu vn ln  gi bin la vo v ting sng bin nh r ro s gip bn c gic ng su hn.</p>\r\n<div id="attachment_134306"><a href="https://cdn3.ivivu.com/2016/04/du-lich-he-diem-danh-trao-luu-ngu-leu-go-ben-bai-bien-cuc-hot-ivivu-3.jpg"><img alt="nh: Sao Bin Cam Ranh" src="https://cdn3.ivivu.com/2016/04/du-lich-he-diem-danh-trao-luu-ngu-leu-go-ben-bai-bien-cuc-hot-ivivu-3.jpg" title="nh: Sao Bin Cam Ranh" /></a><br />nh: Sao Bin Cam Ranh</div>\r\n<p>Ngoi ra, bi tm  Sao Bin tuyt p, ct vng, nc bin trong vt, nhng ngy nng p, du khch c th nhn n tn y nc. Bi bin hnh trng khuyt, du m bn b vnh, ngi dn thng v  y l thin ng dnh cho nhng ngi cha bit bi hay ln u tm bin.</p>\r\n<p>Gi phng tham kho:</p>\r\n<p>Phng n i hng bin (1 ging i): 800.000 ng/1 gia nh.</p>\r\n<p>Phng Family 2 ging i: lu tr 6 ngi gi 1.500.000 ng v 7-9 ngi l gi 2.000.000 ng (thm nm, chn, gi).</p>\r\n<p>Phng n view bin (1 ging i): 1.000.000 ng/1 gia nh.</p>\r\n<p>Lu g du mc: 500.000 ng/lu (din tch 5 m c t di bng cy, ngay trc mt bin, bn trong c 1 nm 160/200, n, 1qut, k, mng).</p>\r\n<p>Thm 1 khch lu tr lu th ph thu 100.000 ng/khch</p>\r\n<p>Coto Eco Lodge, C T</p>\r\n<p>Cn g tuyt hn khi c ng trong nhng cn nh g ri thc gic n bnh minh ngay trnbi bin, y hn s l mt tri nghim kh qun vCoto Eco Lodge s l a im l tng  bn tri nghim iu .</p>\r\n<div id="attachment_134810"><a href="https://cdn3.ivivu.com/2016/04/du-lich-he-diem-danh-trao-luu-ngu-leu-go-ben-bai-bien-cuc-hot-ivivu-11.jpg"><img alt="nh: Coto Eco Lodge" src="https://cdn3.ivivu.com/2016/04/du-lich-he-diem-danh-trao-luu-ngu-leu-go-ben-bai-bien-cuc-hot-ivivu-11.jpg" title="nh: Coto Eco Lodge" /></a><br />nh: Coto Eco Lodge</div>\r\n<div id="attachment_134813"><a href="https://cdn3.ivivu.com/2016/04/du-lich-he-diem-danh-trao-luu-ngu-leu-go-ben-bai-bien-cuc-hot-ivivu-8.jpg"><img alt="nh: Coto Eco Lodge" src="https://cdn3.ivivu.com/2016/04/du-lich-he-diem-danh-trao-luu-ngu-leu-go-ben-bai-bien-cuc-hot-ivivu-8.jpg" title="nh: Coto Eco Lodge" /></a><br />nh: Coto Eco Lodge</div>\r\n<p>Nm cch trung tm th trn C T khong 6 km, p vo mt du khch l 18 cn nh g hng ra bi bin xanh ngt. Vi thit k c o v lm bng nguyn vt liu thn thin mi trng nn nhng cn nh g  cn c tn gi l lu vt. Gi phng mt m ti y l khong 500.000 ng cho hai ngi.</p>\r\n<div id="attachment_134811"><a href="https://cdn3.ivivu.com/2016/04/du-lich-he-diem-danh-trao-luu-ngu-leu-go-ben-bai-bien-cuc-hot-ivivu-134.jpg"><img alt="nh: Coto Eco Lodge" src="https://cdn3.ivivu.com/2016/04/du-lich-he-diem-danh-trao-luu-ngu-leu-go-ben-bai-bien-cuc-hot-ivivu-134.jpg" title="nh: Coto Eco Lodge" /></a><br />nh: Coto Eco Lodge</div>\r\n<div id="attachment_134812"><img alt="nh: Coto Eco Lodge" src="https://cdn3.ivivu.com/2016/04/du-lich-he-diem-danh-trao-luu-ngu-leu-go-ben-bai-bien-cuc-hot-ivivu-13.jpg" title="nh: Coto Eco Lodge" /><br />nh: Coto Eco Lodge</div>\r\n<p>c bit, cch khu nh g lu vt v bi bin Hng Vn 150m, bt u n khch t 16/4,Eco Garden Host s l la chn th 2 cho khch khng t c nh g bn bi bin.</p>\r\n<div id="attachment_134814"><a href="https://cdn3.ivivu.com/2016/04/du-lich-he-diem-danh-trao-luu-ngu-leu-go-ben-bai-bien-cuc-hot-ivivu-10.jpg"><img alt="nh: Coto Eco Lodge" src="https://cdn3.ivivu.com/2016/04/du-lich-he-diem-danh-trao-luu-ngu-leu-go-ben-bai-bien-cuc-hot-ivivu-10.jpg" title="nh: Coto Eco Lodge" /></a><br />nh: Coto Eco Lodge</div>\r\n<p></p>\r\n<p>Coco Beach Camp, Lagi</p>\r\n<p>Cch Si Gn 160km, Coco Beach Campta lc ti Cam Bnh,l khu cm tri nm trn bi bin nguyn s tuyt p thuc th x Lagi.Ni y thch hp cho mi ngi n th gin, cm tri qua m, tri nghim cm gic ng lu bn ting sng bin, sm tinh m thc dy n bnh minh trn bin.</p>\r\n<div id="attachment_134845"><a href="https://cdn3.ivivu.com/2016/04/du-lich-he-diem-danh-trao-luu-ngu-leu-go-ben-bai-bien-cuc-hot-ivivu-10.png"><img alt="nh: cocobeachcamp" src="https://cdn3.ivivu.com/2016/04/du-lich-he-diem-danh-trao-luu-ngu-leu-go-ben-bai-bien-cuc-hot-ivivu-10.png" title="nh: cocobeachcamp" /></a><br />nh: cocobeachcamp</div>\r\n<div id="attachment_134846"><a href="https://cdn3.ivivu.com/2016/04/du-lich-he-diem-danh-trao-luu-ngu-leu-go-ben-bai-bien-cuc-hot-ivivu-11.png"><img alt="nh: cocobeachcamp" src="https://cdn3.ivivu.com/2016/04/du-lich-he-diem-danh-trao-luu-ngu-leu-go-ben-bai-bien-cuc-hot-ivivu-11.png" title="nh: cocobeachcamp" /></a><br />nh: cocobeachcamp</div>\r\n<p>n y bn s c tri nghim ng trong cc cn lu dng ngay cnh b bin, ch cn vn ca lu ln l c th tn hng nhng cn gi bin la vo v mi sng bn s c nh thc bi ting chim chc ku ru rt ang tr mnh trong nhng lm dng um tm.</p>\r\n<p>Nu khng thch ng lu  th bn c th chn Beach Huts mt hnh thc lu tr  c mt trn nhiu nc trn th gii nhng ti Vit Nam, Coco Beach l ni u tin  bn th nghim.B mc nhng ci nng chi chang ngoi bi bin, vi Beach Huts bn tha h cm nhn khng gian mt ri, gn gi vi thin nhin trong nhng cn nh g ht mt vi gam mu ni nh xanh, , tm, vng thm ch ph cch vi nc sn k sc l mt.</p>\r\n<div id="attachment_134961"><a href="https://cdn3.ivivu.com/2016/04/du-lich-he-diem-danh-trao-luu-ngu-leu-go-ben-bai-bien-cuc-hot-ivivu-14.jpg"><img alt="nh: cocobeachcamp" src="https://cdn3.ivivu.com/2016/04/du-lich-he-diem-danh-trao-luu-ngu-leu-go-ben-bai-bien-cuc-hot-ivivu-14.jpg" title="nh: cocobeachcamp" /></a><br />nh: cocobeachcamp</div>\r\n<div id="attachment_134962"><a href="https://cdn3.ivivu.com/2016/04/du-lich-he-diem-danh-trao-luu-ngu-leu-go-ben-bai-bien-cuc-hot-ivivu-16.jpg"><img alt="nh: cocobeachcamp" src="https://cdn3.ivivu.com/2016/04/du-lich-he-diem-danh-trao-luu-ngu-leu-go-ben-bai-bien-cuc-hot-ivivu-16.jpg" title="nh: cocobeachcamp" /></a><br />nh: cocobeachcamp</div>\r\n<p>Khng ging nh khu resort, khch sn cao cp, Beach Huts l dng lu tr trung cp vi nhng cn nh g mini, c trang b y  cc trang thit b tin nghi dnh cho khch du lch.</p>\r\n<div id="attachment_134963"><a href="https://cdn3.ivivu.com/2016/04/du-lich-he-diem-danh-trao-luu-ngu-leu-go-ben-bai-bien-cuc-hot-ivivu-17.jpg"><img alt="nh: cocobeachcamp" src="https://cdn3.ivivu.com/2016/04/du-lich-he-diem-danh-trao-luu-ngu-leu-go-ben-bai-bien-cuc-hot-ivivu-17.jpg" title="nh: cocobeachcamp" /></a><br />nh: cocobeachcamp</div>\r\n<div id="attachment_134964"><a href="https://cdn3.ivivu.com/2016/04/du-lich-he-diem-danh-trao-luu-ngu-leu-go-ben-bai-bien-cuc-hot-ivivu-18.jpg"><img alt="nh: cocobeachcamp" src="https://cdn3.ivivu.com/2016/04/du-lich-he-diem-danh-trao-luu-ngu-leu-go-ben-bai-bien-cuc-hot-ivivu-18.jpg" title="nh: cocobeachcamp" /></a><br />nh: cocobeachcamp</div>\r\n<p>Ngoi ra, n Coco Beach du khch cn c tri nghim nhng hot ng vui chi gii tr nh: lt vn diu, cho thuyn hi, ko li, cu c, trng rau qu, hc yoga,</p>\r\n<p>Gi c dch v Coco Beach:</p>\r\n<p> Tham quan, tm bin, tm nc ngt: 50.000 ng/khch(p dng cho khch  v v trong ngy).</p>\r\n<p> Ng lu cao cp qua m gm mn, gi, nm, qut in: 150.000 ng/khch.</p>\r\n<p> Phng Beach Huts: 600.000 ng/phng  Phng hng bin Beach Hut 800.000 ng/phng.</p>\r\n<p> Phng Bungalow (2 ngi ) 1.500.000 ng/phng.</p>\r\n<p> Phng tp th 15 ngi: 3.000.000 ng/phng ( thm 1 khch ph thu thm 200.000 ng/ngi).</p>\r\n<p>Sn M Beach</p>\r\n<p>T TP HCM i 140Km theo hng B Ra ra ng ven bin qua casino H Trm khong 20 km l bn s n Sn M Beach thuc x Sn M, huyn Hm Tn, tnh Bnh Thun.</p>\r\n<div id="attachment_134969"><a href="https://cdn3.ivivu.com/2016/04/du-lich-he-diem-danh-trao-luu-ngu-leu-go-ben-bai-bien-cuc-hot-ivivu-22.jpg"><img alt="nh: sonmybeach" src="https://cdn3.ivivu.com/2016/04/du-lich-he-diem-danh-trao-luu-ngu-leu-go-ben-bai-bien-cuc-hot-ivivu-22.jpg" title="nh: sonmybeach" /></a><br />nh: sonmybeach</div>\r\n<p>Vi din tch c trm hecta i ct, h thin nhin v hng cy s b bin nguyn sinh, du khch s tha h tri nghim nhng tr chi trn bin, la tri hay mo him cng chic xe a hnh bng qua i ct him tr ca Sn M Beach.</p>\r\n<div id="attachment_134970"><a href="https://cdn3.ivivu.com/2016/04/du-lich-he-diem-danh-trao-luu-ngu-leu-go-ben-bai-bien-cuc-hot-ivivu-19.jpg"><img alt="nh: sonmybeach" src="https://cdn3.ivivu.com/2016/04/du-lich-he-diem-danh-trao-luu-ngu-leu-go-ben-bai-bien-cuc-hot-ivivu-19.jpg" title="nh: sonmybeach" /></a><br />nh: sonmybeach</div>\r\n<div id="attachment_134971"><a href="https://cdn3.ivivu.com/2016/04/du-lich-he-diem-danh-trao-luu-ngu-leu-go-ben-bai-bien-cuc-hot-ivivu-23.jpg"><img alt="nh: sonmybeach" src="https://cdn3.ivivu.com/2016/04/du-lich-he-diem-danh-trao-luu-ngu-leu-go-ben-bai-bien-cuc-hot-ivivu-23.jpg" title="nh: sonmybeach" /></a><br />nh: sonmybeach</div>\r\n<p>Sn M Beach cung cp y  tin nghi cho chuyn d ngoi ca bn nh phng tiu chun khch sn cho nhm gia nh, lu 2, 4, 6 ngi cho nhm thanh nin, shop tin ch 24/24, cc loi hi sn ti lun sn sng v tri cy bn ma. Bn c th la chn nhng hnh thc n ung khc nhau ti Sn M nh t n t chn ti khu nh hng dnh cho nhm nhiu ngi, t nng BBQ ngoi bin hoc trong khu chi l hay n gin hn l gi theo mn.</p>\r\n<div id="attachment_134972"><a href="https://cdn3.ivivu.com/2016/04/du-lich-he-diem-danh-trao-luu-ngu-leu-go-ben-bai-bien-cuc-hot-ivivu-20.jpg"><img alt="nh: sonmybeach" src="https://cdn3.ivivu.com/2016/04/du-lich-he-diem-danh-trao-luu-ngu-leu-go-ben-bai-bien-cuc-hot-ivivu-20.jpg" title="nh: sonmybeach" /></a><br />nh: sonmybeach</div>\r\n<div id="attachment_134975"><a href="https://cdn3.ivivu.com/2016/04/du-lich-he-diem-danh-trao-luu-ngu-leu-go-ben-bai-bien-cuc-hot-ivivu-24.jpg"><img alt="nh: sonmybeach" src="https://cdn3.ivivu.com/2016/04/du-lich-he-diem-danh-trao-luu-ngu-leu-go-ben-bai-bien-cuc-hot-ivivu-24.jpg" title="nh: sonmybeach" /></a><br />nh: sonmybeach</div>\r\n<p>Lifes A Beach, Quy Nhn</p>\r\n<p>Ta lc ti khu lng chi ven bin  Bi Xp (thuc phng Ghnh Rng, TP Quy Nhn) Lifes A Beachdo hai thanh nin ngi Anh, Gavin v Steve xy dng nn.Sau vi nm i khp ng Nam , h  chn im dng cho mnh  Bi Xp v  trt yuthch thin nhin v con ngi  Vit Nam.</p>\r\n<div id="attachment_134981"><a href="https://cdn3.ivivu.com/2016/04/du-lich-he-diem-danh-trao-luu-ngu-leu-go-ben-bai-bien-cuc-hot-ivivu-30.jpg"><img alt="nh: lifesabeachvietnam.com/" src="https://cdn3.ivivu.com/2016/04/du-lich-he-diem-danh-trao-luu-ngu-leu-go-ben-bai-bien-cuc-hot-ivivu-30.jpg" title="nh: lifesabeachvietnam.com/" /></a><br />nh: lifesabeachvietnam.com</div>\r\n<div id="attachment_134979"><a href="https://cdn3.ivivu.com/2016/04/du-lich-he-diem-danh-trao-luu-ngu-leu-go-ben-bai-bien-cuc-hot-ivivu-27.jpg"><img alt="nh: lifesabeachvietnam.com" src="https://cdn3.ivivu.com/2016/04/du-lich-he-diem-danh-trao-luu-ngu-leu-go-ben-bai-bien-cuc-hot-ivivu-27.jpg" title="nh: lifesabeachvietnam.com" /></a><br />nh: lifesabeachvietnam.com</div>\r\n<p>i vi nhng ngi yu thch du lch bi th Lifes A Beach l la chn L tng vi nhng phng ng theo kiu k tc x, vt dng ti gin, trang tr l mt. Chnh iu ny  gip Lifes A Beach thu ht nhiu du khch nc ngoi n y tn hng k ngh ca h. Ngoi phng ng theo kiuk tc x, du khch cng c th la chn  trong cn nh g vi mt khng gian m, thong mt v ring t.</p>\r\n<div id="attachment_134982"><a href="https://cdn3.ivivu.com/2016/04/du-lich-he-diem-danh-trao-luu-ngu-leu-go-ben-bai-bien-cuc-hot-ivivu-331.png"><img alt="nh: lifesabeachvietnam.com" src="https://cdn3.ivivu.com/2016/04/du-lich-he-diem-danh-trao-luu-ngu-leu-go-ben-bai-bien-cuc-hot-ivivu-331.png" title="nh: lifesabeachvietnam.com" /></a><br />nh: lifesabeachvietnam.com</div>\r\n<div id="attachment_134983"><a href="https://cdn3.ivivu.com/2016/04/du-lich-he-diem-danh-trao-luu-ngu-leu-go-ben-bai-bien-cuc-hot-ivivu-34.png"><img alt="nh: lifesabeachvietnam.com" src="https://cdn3.ivivu.com/2016/04/du-lich-he-diem-danh-trao-luu-ngu-leu-go-ben-bai-bien-cuc-hot-ivivu-34.png" title="nh: lifesabeachvietnam.com" /></a><br />nh: lifesabeachvietnam.com</div>\r\n<p>Khu du lch d ngoi Trung Lng, Ph Ct</p>\r\n<p>Cch TP Quy Nhn khong 30km, nm v pha ng ng T 639 thuc thn Trung Lng, x Ct Tin, huyn Ph Ct, khu du lch d ngoi Trung Lng va a vo hot ng u nm 2016 chc chn s lm cho hnh trnh du lch h ca cc bn thm hp dn, th v.</p>\r\n<div id="attachment_134987"><a href="https://cdn3.ivivu.com/2016/04/du-lich-he-diem-danh-trao-luu-ngu-leu-go-ben-bai-bien-cuc-hot-ivivu-40.jpg"><img alt="nh: baobinhdinh" src="https://cdn3.ivivu.com/2016/04/du-lich-he-diem-danh-trao-luu-ngu-leu-go-ben-bai-bien-cuc-hot-ivivu-40.jpg" title="nh: baobinhdinh" /></a><br />nh: baobinhdinh</div>\r\n<p>im nhn ca Khu du lch l bi bin Trung Lng tuyt p. B bin tri di ngt mt vi bi ct trng phau, chy dc Tnh l T 639, un ln qua cc ngn ni vi nhng khi  mt nh c ai trau chut. T trn cao nhn xung, bin xanh ngt, trong lnh v phng lng.</p>\r\n<div id="attachment_134988"><a href="https://cdn3.ivivu.com/2016/04/du-lich-he-diem-danh-trao-luu-ngu-leu-go-ben-bai-bien-cuc-hot-ivivu-39.jpg"><img alt="nh: baobinhdinh" src="https://cdn3.ivivu.com/2016/04/du-lich-he-diem-danh-trao-luu-ngu-leu-go-ben-bai-bien-cuc-hot-ivivu-39.jpg" title="nh: baobinhdinh" /></a><br />nh: baobinhdinh</div>\r\n<p>Bn cnh vic tn b, tm bin, Khu d ngoi Trung Lng cn tip nhn du khch t chc cm tri bng lu bt, t la tri, chp nh ci</p>\r\n<div id="attachment_134985"><a href="https://cdn3.ivivu.com/2016/04/du-lich-he-diem-danh-trao-luu-ngu-leu-go-ben-bai-bien-cuc-hot-ivivu-37.jpg"><img alt="nh: hiquynhon.com" src="https://cdn3.ivivu.com/2016/04/du-lich-he-diem-danh-trao-luu-ngu-leu-go-ben-bai-bien-cuc-hot-ivivu-37.jpg" title="nh: hiquynhon.com" /></a><br />nh: hiquynhon.com</div>\r\n<div id="attachment_134986"><a href="https://cdn3.ivivu.com/2016/04/du-lich-he-diem-danh-trao-luu-ngu-leu-go-ben-bai-bien-cuc-hot-ivivu-38.jpg"><img alt=" nh: Kenh 14" src="https://cdn3.ivivu.com/2016/04/du-lich-he-diem-danh-trao-luu-ngu-leu-go-ben-bai-bien-cuc-hot-ivivu-38.jpg" title=" nh: Kenh 14" /></a><br />nh: Kenh 14</div>\r\n<div>Ngun ( su tm internet )</div>		\N	2016-07-01 03:25:03.156478	2016-07-01 03:25:18.030493	\N			t	normal	12	t	\N	\N	\N
4	destinations05.png	Tri nghim o ip Sn "con ng di bin" c o	<p>n vi ip Sn, ti hc c cch yu bin nh th yu mt ai , khng n o khng mnh lit nhng li lm ngi ta nh "</p>\r\n<p><img alt="" src="http://media.foody.vn/images/22087737544_0da8c780ee_b(2).jpg" /></p>\r\n<p>1. a im</p>\r\n<p>L mt trong nhng x o cn kh khn nht trn a bn tnh Khnh Ha, thn o ip Sn vi 83 h dn hin vn ang sng trong iu kin thiu in v nc sch cho sinh hot. ip Sn gm 3 hn o nh, nm chi vi trong vng bin thuc vnh Vn Phong. Hnh trnh khm ph hn o bt u t th trn Vn Gi, sau khong mt gi ng h lnh nh trn bin, qun o ip Sn xinh p dn xut hin, ct hnh r nt trn ng chn tri.</p>\r\n<p><img alt="" src="http://media.foody.vn/images/chung%20%c4%91%e1%bb%973(1).jpg" /><br />nh: Chung </p>\r\n<p>2. Cch n y</p>\r\n<p>Di chuyn:T Nha Trang chy ra Cng Vn Gi, Vn Ninh tm 60km. Hi ng ra cng c Vn Gi.</p>\r\n<p><img alt="" src="http://media.foody.vn/images/chung%20%c4%91%e1%bb%977(1).jpg" /><br />nh: Chung </p>\r\n<p>T Vn Gi c tu i ip Sn. Lu :i din cng Vn Gi c ng hm rng, chy vo  chng 100m c ch gi xe qua m...C hai cch  t t lin i ra o ip Sn</p>\r\n<p>Cch 1: i tu Phng ng ca ngi dn, bn c th n  Cng, thi gian chy tm 30 pht, tu xut pht khong lc 9h sng, chi ph khong 20k/ngi, chuyn v t lin th xut pht lc 5h sng, tu ny l tu ch nn bn c th i chung vi ln, g, xi mng.. hoc ch c ngi dn. Nhc im ca tu ny  chnh l hn xui, hn th bn c th i v v theo k hoch  nh sn, xui th bn phi  li thm mt ngy trn o bi v tu ny ch phc v cho ngi dn, nu ngy hm  ngi dn khng i v t lin th tu cng khng chy.</p>\r\n<p>Cch 2: Nu bn khng mun b ng th bn c th chn mt phng n khc  chnh l s dng tu (tht ra l ghe ca ngi dn) cha c khong 6- 15 ngi, v v lun lun c tu bt c lc no v di chuyn ch mt 15 pht, nn gi cng s t hn. Bn c th thu tu ca anh Bnh vi s in thoi:0905.166.736 hocanh T Ngha: 01667982151, gi thu tu tm 200k/ 6 ngi.</p>\r\n<p>*** Khi thu tu phi ch ,  an ton th ghe nh ch nn i tm 6 ngi, tu ln hn c th i 15 ngi.</p>\r\n<p><img alt="" src="http://media.foody.vn/images/chung%20%c4%91%e1%bb%97(1).jpg" /><br />nh: Chung </p>\r\n<p><img alt="" src="http://media.foody.vn/images/hu%e1%bb%b3nh%20thanh%20v%c5%a94(1).jpg" /><br />nh: Hunh Thanh V</p>\r\n<p>3. Khm ph cnh p ni ny</p>\r\n<div>\r\n<p>n vi o ip Sn, bn s c chim ngngv p ca nhng bi bin hoang s ct trng, nc bin trong xanh, v nhng cnh ng c lau tuyt p. Chiu chiutheo chn ngi dn chi li nh c, sau  cng nhau khm ph con ng i b ngang qua bin, bui ti bn c th cng ngi dn i cu mc, cng nhau nh mc ti v cng nhau chn sau khi thu hoch chin li phm. Chc chn bn s c nhng tri nghim ng nh ti y.</p>\r\n<p><img alt="" src="http://media.foody.vn/images/diep%20s%c6%a1n.jpg" /><br />nh: Phan Lc</p>\r\n<p><img alt="" src="http://media.foody.vn/images/cong%20phan.jpg" /><br />nh: Cng Phan</p>\r\n<p><img alt="" src="http://media.foody.vn/images/1497933_10153758881554757_1797550799878982752_o.jpg" /><br />nh: Cng Phan</p>\r\n<div>\r\n<p><img alt="" src="http://media.foody.vn/images/12377549_10153761035054757_6343679919045406156_o.jpg" /></p>\r\n<p>nh: Quycoctu&amp; Congphan</p>\r\n<p><img alt="" src="http://media.foody.vn/images/886902_10153761030914757_1113158348307942658_o.jpg" /><br />nh: Quycoctu</p>\r\n<p><img alt="" src="http://media.foody.vn/images/920762_10153758879084757_1399509413229403886_o.jpg" /><br />nh: Hai An Tran Ngo</p>\r\n</div>\r\n<p><img alt="" src="http://media.foody.vn/images/l%c3%aa%20ng%c3%a2n(1).jpg" /><br />nh: L Ngn</p>\r\n<p><img alt="" src="http://media.foody.vn/images/l%c3%aa%20ng%c3%a2n3(1).jpg" /><br />nh: L Ngn</p>\r\n<p><img alt="" src="http://media.foody.vn/images/l%c3%aa%20ng%c3%a2n2(1).jpg" /><br />nh: L Ngn</p>\r\n<p><img alt="" src="http://media.foody.vn/images/ph%e1%ba%a1m%20oanh(1).jpg" /></p>\r\n</div>		\N	2016-07-01 03:26:28.171789	2016-07-01 03:26:40.039085	\N			t	normal	12	t	\N	\N	\N
1	destinations04.jpg	Kh cng trc nhng ngi lng p m hn	<div id="lichtrinhtour" class="view_tour_chitiet">\r\n<p><strong>Bn sa, bn ch c hay bnh xo min trung gin tan l mt gi  hay dnh cho bn nu mun thay i khu v ngy cui tun.</strong></p>\r\n<p class="Normal"><strong>Qun bnh xo, b l lt</strong></p>\r\n<p class="Normal">C khong 5 gi chiu, qun bnh xo, b l lt khng c tn gi c th ngay trn ng Cch Mng Thng 8 lun ng c. y l qun n bnh dn nn khng gian v cng n gin vi nhng chic bn gh nha trong cn nh c k. Tuy nhin, im thu ht thc khch  ch  n ng cht min trung v gi c phi chng, ph hp vi sinh vin.</p>\r\n<p class="Normal">Hai mn ch o ca qun l bnh xo v b l lt m chi. Bnh xo c theo kiu min trung, c nh, c lm t bt go v cho mt t bt ngh  to nn mu vng ca bnh. Nhn bnh gm c tm, tht heo v gi . Tuy khng c lp v mng vin quanh nh bnh xo min Ty nhng nh cch canh la thch hp m bnh xo  y vn gi c  gin. Mn b c cun trong l lt, m chi ri nng, sau  rc u phng ln trn nn rt thm v hp dn. Cc mn  y n km vi rau x lch, rau thm v cun bnh trng mng. Bnh xo c chm vi nc mm chua ngt cn b th dng chung vi mm nm.</p>\r\n<p><img alt="a ch cui tun: qun n min Trung  Si Gn" class="lazy" data-original="http://diachianuong.vn:7787/mediaroot/media/userfiles/useruploads/24/image/an-gi/dia-chi-cuoi-tuan-quan-an-mien-trung-o-sai-gon1.jpg" src="http://diachianuong.vn:7787/mediaroot/media/userfiles/useruploads/24/image/an-gi/dia-chi-cuoi-tuan-quan-an-mien-trung-o-sai-gon1.jpg" /></p>\r\n<p class="Image"><em><span>Gi c cc mn t 22.000 n 55.000 ng. </span><span>V l mn chin nn hi nhiu du m, n d ngn. Bn ch nn gi va   khng b ph.</span></em></p>\r\n<p class="Normal">V qun nm ngay mt tin ng Cch Mng Thng 8, thng xuyn kt xe nn kh n o v hi nng. Khng gian cht hp v i lc phc v khng c nhit tnh lm v qun lun trong trng thi ng c. Nu trnh gi kt xe th s thy thoi mi hn.</p>\r\n<p class="Normal"><em>a ch: Ng t giao gia ng Cch Mng Thng 8 v ng Bc Hi, qun 10.<br />Qun m ca t 16h n 23h</em></p>\r\n<p class="Normal"><strong>Nem nng c ip</strong></p>\r\n<p class="Normal">c nh gi l mt trong nhng qun nem nng c hng v ging vi nem nng Nha Trang nht Si Gn, qun nem nng nm trong con hm nh trn ng L Vn S lun thu ht khch d a ch hi kh tm.</p>\r\n<p><img alt="a ch cui tun: qun n min Trung  Si Gn" class="lazy" data-original="http://diachianuong.vn:7787/mediaroot/media/userfiles/useruploads/24/image/an-gi/dia-chi-cuoi-tuan-quan-an-mien-trung-o-sai-gon1.jpg" src="http://diachianuong.vn:7787/mediaroot/media/userfiles/useruploads/24/image/an-gi/dia-chi-cuoi-tuan-quan-an-mien-trung-o-sai-gon1.jpg" /></p>\r\n<p class="Image"><em>Nem nng c gi 40.000 ng/sut.</em></p>\r\n<p class="Normal">Nh nhiu qun nem nng khc, tht heo c p gia v v nng rt thm. Tuy nhin im mu cht to im nhn cho mn nem nng chnh l nc chm. Nc chm  y c lm t bt, tng u v tht heo, c v bo v thm mi u. Nem n km vi bnh trng cun chin gin v nhiu loi rau sng nh x lch, rau thm, chui cht, da leo... nn khng h ngn. Tuy nhin mt phn n  y hi t, mt ngi n khe c th phi gi n 2 phn mi no n.</p>\r\n<p class="Normal"><em>a ch: 337/10 L Vn S, Tn Bnh.<br />Qun m ca t 11h n 21h30</em></p>\r\n<p class="Normal"><strong>Gnh</strong></p>\r\n<p class="Normal">Gnh l mt qun n c ting vi ngi Si Gn, chuyn phc v cc mn c sn Nha Trang nh bn sa, bn ch c, nem nng... Qun ghi im vi thc khch bi khng gian yn tnh, thoi mi vi thit k kt hp gia hin i v c in.</p>\r\n<p class="Normal">Thc n  y v cng phong ph vi cc mn n dn d c trng cht Nha Trang. Nhng mn n lm t sa kh ni bt  Gnh. Gi sa gin tan, hi chua chua ngt ngt xc vi bnh trng hay t bn sa hp dn chnh l mn ch o  qun. Nem nng tuy khng c sc nh nhng qun chuyn v nem nhng cng c nh gi tt vi nc chm n gin c lm t u v cng va ming. c bit mn hu sa chin trng bo bo nhiu cht dinh dng hay tm cun dip cay cay mi ci lun c lng thc khch.</p>\r\n<p><img alt="a ch cui tun: qun n min Trung  Si Gn" class="lazy" data-original="http://diachianuong.vn:7787/mediaroot/media/userfiles/useruploads/24/image/an-gi/dia-chi-cuoi-tuan-quan-an-mien-trung-o-sai-gon1.jpg" src="http://diachianuong.vn:7787/mediaroot/media/userfiles/useruploads/24/image/an-gi/dia-chi-cuoi-tuan-quan-an-mien-trung-o-sai-gon1.jpg" /></p>\r\n<p class="Image"><em>Mt phn n  Gnh khng nhiu, gi c dao ng t 60.000 n 132.000 ng/mn</em></p>\r\n<p class="Normal">im cng  qun l cung cch phc v kh chuyn nghip, sch s, rt thch hp  hp mt gia nh vo cui tun.</p>\r\n<p class="Normal"><em>a ch: 58/4 Phm Ngc Thch, Qun 3.<br />Qun m ca t 9h n 22h hng ngy.</em></p>\r\n<p class="Normal"><strong>Bn ch c L</strong></p>\r\n<p class="Normal">Khng gian rng ri, thong mt v d tm, bn ch c L t lu  l a ch quen thuc ca ngi Si Gn nu mun thng thc cc mn bn c min trung.</p>\r\n<p class="Normal">Ch c thm ngon cng nc lo m  c nu ng theo hng v ca Quy Nhn. Hnh tm chua ngt l mn n km khng th thiu. V chua chua, ngt ngt v hi hng ca hnh s lm bt i mi tanh ca c. Rau sng n km l cc loi rau ca min trung, cng gi phi m v x lch l nh th n mi ng v.</p>\r\n<p><img alt="a ch cui tun: qun n min Trung  Si Gn" class="lazy" data-original="http://diachianuong.vn:7787/mediaroot/media/userfiles/useruploads/24/image/an-gi/dia-chi-cuoi-tuan-quan-an-mien-trung-o-sai-gon1.jpg" src="http://diachianuong.vn:7787/mediaroot/media/userfiles/useruploads/24/image/an-gi/dia-chi-cuoi-tuan-quan-an-mien-trung-o-sai-gon1.jpg" /></p>\r\n<p class="Image"><em>Cc mn n  y c gi t 25.000 n 77.000 ng</em></p>\r\n<p class="Normal">Ngoi bn ch c, qun cn phc v cc mn bn c khc nh bn c ng, bn c thu, bn c dm, ph, min ch c... v cc loi nem chua, tr Quy Nhn. Cui tun, bn c th gip c nh thay i khu v bng mn bn m cht min trung ny.</p>\r\n<p class="Normal"><em>a ch: 2,4,8 ng Nai, Qun 10.<br />Qun m ca t 6h n 21h hng ngy.</em></p>\r\n<p class="Normal"><em><strong>Ngun <a href="http://www.diachianuong.vn/an-gi/chu-de-am-thuc/dia-chi-cuoi-tuan-quan-an-mien-trung-o-sai-gon.html" target="_blank">Diachianuong.vn</a></strong></em></p>\r\n</div>		\N	2016-06-30 03:09:52.0759	2016-07-05 08:42:19.579387	\N			t	normal	12	t	\N	\N	\N
\.


--
-- Name: articles_id_seq; Type: SEQUENCE SET; Schema: public; Owner: nguyenngocson0811
--

SELECT pg_catalog.setval('articles_id_seq', 4, true);


--
-- Data for Name: articles_products; Type: TABLE DATA; Schema: public; Owner: nguyenngocson0811
--

COPY articles_products (id, article_id, product_id, created_at, updated_at) FROM stdin;
\.


--
-- Name: articles_products_id_seq; Type: SEQUENCE SET; Schema: public; Owner: nguyenngocson0811
--

SELECT pg_catalog.setval('articles_products_id_seq', 1, false);


--
-- Data for Name: booking_cars; Type: TABLE DATA; Schema: public; Owner: nguyenngocson0811
--

COPY booking_cars (id, full_name, address, phone, email, date_from, date_to, address_from, address_to, created_at, updated_at) FROM stdin;
\.


--
-- Name: booking_cars_id_seq; Type: SEQUENCE SET; Schema: public; Owner: nguyenngocson0811
--

SELECT pg_catalog.setval('booking_cars_id_seq', 1, false);


--
-- Data for Name: booking_hotels; Type: TABLE DATA; Schema: public; Owner: nguyenngocson0811
--

COPY booking_hotels (id, full_name, phone, email, date_from, date_to, adult, child, room_number, hotel_room_id, hotel_room_name, price, created_at, updated_at, hotel_id) FROM stdin;
1	adasdas	da6sd	asda6sda@gmail.com	2016-05-07 00:00:00	\N	1	1	1	11	\N	\N	2016-07-05 15:53:24.602744	2016-07-05 15:53:24.602744	\N
2	Nguyn Ngc Sn	01644046123	sonnn@hoangkhang.com.vn	2016-05-07 00:00:00	2016-06-07 00:00:00	2	0	1	9	\N	\N	2016-07-05 16:29:59.783501	2016-07-05 16:29:59.783501	2
3	dasdasda	01644046123	sonnn@hoangkhang.com.vn	2016-07-07 00:00:00	2016-09-07 00:00:00	2	0	1	10	\N	\N	2016-07-06 01:24:12.096935	2016-07-06 01:24:12.096935	2
\.


--
-- Name: booking_hotels_id_seq; Type: SEQUENCE SET; Schema: public; Owner: nguyenngocson0811
--

SELECT pg_catalog.setval('booking_hotels_id_seq', 3, true);


--
-- Data for Name: cars; Type: TABLE DATA; Schema: public; Owner: nguyenngocson0811
--

COPY cars (id, image_url, name, price, description, content, manufacturer_id, article_category_id, created_at, updated_at) FROM stdin;
2	logo_toyota.png	Bng gi thu xe 49 ch	0.0	Cng ty du lich Hi ng Travel l mt trong nhng n v chuyn cho thu xe 4 ch ti TPHCM. Vi mng li rng khp, xe cht lng cao chuyn phc v khch du lch, chng ti lun lm hi lng khch hng khi n vi dch v cho thu xe 4 ch. Vi tiu ch cht lng hon ho, chng ti  nhp v cc dng xe nh Mercedes, Toyota, Hyundai, Aero Space vi gh bt, my lnh m i, h thng chng sc tt nn c rt nhiu khch hng thu xe a chung. Qua nhiu nm phc v, Hi ng Travel l mt trong nhng cng ty cho thu xe 4 ch c khch hng nh gi cao, c mt ch ng vng chc trong nhn thc khch hng khi c nhu cu thu xe du lch cht lng cao. thue xe 4 cho Ngoi dch v cht lng, gi c l mt trong nhng yu t quan trng khi qu khch thu xe 4 ch gi r. i ng nhn vin chuyn nghip, tn tm lun t vn cho khch hng dng xe v loi xe vi s ch ph hp  tit kim chi ph, nhng vn m bo mt hnh trnh thoi mi.	<div class="panel panel-green margin-bottom-40">\r\n<div class="panel-body">\r\n<div class="panel panel-green margin-bottom-40">\r\n<div class="panel-body">\r\n<p>Thng tin chi tit thu xe du lch ti wwww.haidangtravel.com. Thng tin lin h<br />Hotline : 08 3849 3838 - Mail: Info@haidangtravel.com</p>\r\n</div>\r\n<table class="table table-bordered table-striped">\r\n<thead>\r\n<tr>\r\n<th>STT</th>\r\n<th>QUY NH</th>\r\n<th>GI</th>\r\n</tr>\r\n</thead>\r\n<tbody>\r\n<tr>\r\n<td>1</td>\r\n<td>Ga thu mi thng (2,600km / 26 ngy)</td>\r\n<td>28,000,000</td>\r\n</tr>\r\n<tr>\r\n<td>2</td>\r\n<td>Gi thu mi ngy</td>\r\n<td>1,800,000 </td>\r\n</tr>\r\n<tr>\r\n<td>3</td>\r\n<td>Ngoi gi ( 8h - 18h ) - Gi tnh theo 1 gi</td>\r\n<td>65,000 </td>\r\n</tr>\r\n<tr>\r\n<td>4</td>\r\n<td>Vt km ( t km th 2601 ) gi tnh theo 1/km</td>\r\n<td>7,500 </td>\r\n</tr>\r\n<tr>\r\n<td>5</td>\r\n<td>Ch Nht v ngy L gi tnh theo 1 ngy</td>\r\n<td>1,600,000 </td>\r\n</tr>\r\n<tr>\r\n<td>6</td>\r\n<td>Qua m (ngoi TP HCM ) gi/1m</td>\r\n<td>400,000 </td>\r\n</tr>\r\n</tbody>\r\n</table>\r\n</div>\r\n<p>Lu : + Xe s dng 26 ngy / 1 thng tr Ch nht v cc ngy l. + Thi gian lm vic t 8h sng n 18h ti. + Gi trn bao gm ph xng du &amp; ti x kinh nghim, bit ting Anh. + Ph u xe v ph cu ng s do bn thu chu + Gi trn cha bao gm thu VAT 10%. + Gi trn ch mang tnh cht tham kho. Ty vo tnh hnh thc t &amp; thi im.</p>\r\n<div class="panel-heading">\r\n<h3>BNG GI THEO L TRNH</h3>\r\n</div>\r\n<div class="panel-body">\r\n<p>Thng tin chi tit thu xe du lch ti wwww.haidangtravel.com. Thng tin lin h<br />Hotline : 08 3849 3838 - Mail: Info@haidangtravel.com</p>\r\n</div>\r\n<table class="table table-bordered table-striped">\r\n<thead>\r\n<tr>\r\n<th>STT</th>\r\n<th>L TRNH</th>\r\n<th>THI GIAN</th>\r\n<th>GI</th>\r\n</tr>\r\n</thead>\r\n<tbody>\r\n<tr>\r\n<td>1</td>\r\n<td>a/ n sn bay/ ga</td>\r\n<td>Lt</td>\r\n<td>700 </td>\r\n</tr>\r\n<tr>\r\n<td>2</td>\r\n<td>City tour - C chi</td>\r\n<td>1 ngy</td>\r\n<td>1,500,000</td>\r\n</tr>\r\n<tr>\r\n<td>3</td>\r\n<td>C Chi, Ty Ninh</td>\r\n<td>1 ngy</td>\r\n<td>1,800,000</td>\r\n</tr>\r\n<tr>\r\n<td>4</td>\r\n<td>Cn Gi</td>\r\n<td>1 ngy</td>\r\n<td>1,700,000</td>\r\n</tr>\r\n<tr>\r\n<td>5</td>\r\n<td>Cn Gi</td>\r\n<td>2 ngy</td>\r\n<td>2,500,000</td>\r\n</tr>\r\n<tr>\r\n<td>6</td>\r\n<td>M Tho</td>\r\n<td>1 ngy</td>\r\n<td>1,800,000</td>\r\n</tr>\r\n<tr>\r\n<td>7</td>\r\n<td>Vng Tu = Long Hi</td>\r\n<td>1 ngy</td>\r\n<td>1,900,000</td>\r\n</tr>\r\n<tr>\r\n<td>8</td>\r\n<td>Vng Tu = Long Hi</td>\r\n<td>2 ngy</td>\r\n<td>2,800,000</td>\r\n</tr>\r\n<tr>\r\n<td>9</td>\r\n<td>Cn Th</td>\r\n<td>2 ngy</td>\r\n<td>3,300,000</td>\r\n</tr>\r\n<tr>\r\n<td>10</td>\r\n<td>Phan Thit</td>\r\n<td>2 ngy</td>\r\n<td>3,500,000</td>\r\n</tr>\r\n<tr>\r\n<td>11</td>\r\n<td>Phan Thit</td>\r\n<td>3 ngy</td>\r\n<td>4,300,000</td>\r\n</tr>\r\n<tr>\r\n<td>12</td>\r\n<td>Bnh Chu - H Cc</td>\r\n<td>1 ngy</td>\r\n<td>2,200,000</td>\r\n</tr>\r\n<tr>\r\n<td>13</td>\r\n<td>Bnh Chu - H Cc</td>\r\n<td>2 ngy</td>\r\n<td>3,000,000</td>\r\n</tr>\r\n<tr>\r\n<td>14</td>\r\n<td>Nha Trang 4 o</td>\r\n<td>3 ngy</td>\r\n<td>5,500,000</td>\r\n</tr>\r\n<tr>\r\n<td>15</td>\r\n<td>Nha Trang 4 o</td>\r\n<td>4 ngy</td>\r\n<td>6,000,000</td>\r\n</tr>\r\n<tr>\r\n<td>16</td>\r\n<td>Nha Trang Dc Lt</td>\r\n<td>3 ngy</td>\r\n<td>6,600,000</td>\r\n</tr>\r\n<tr>\r\n<td>17</td>\r\n<td> Lt</td>\r\n<td>3 ngy</td>\r\n<td>5,000,000</td>\r\n</tr>\r\n<tr>\r\n<td>18</td>\r\n<td> Lt</td>\r\n<td>4 ngy</td>\r\n<td>5,500,000</td>\r\n</tr>\r\n<tr>\r\n<td>19</td>\r\n<td>Nha Trang -  Lt</td>\r\n<td>4 ngy</td>\r\n<td>7,000,000</td>\r\n</tr>\r\n<tr>\r\n<td>20</td>\r\n<td>Nha Trang -  lt</td>\r\n<td>5 ngy</td>\r\n<td>7,500,000</td>\r\n</tr>\r\n<tr>\r\n<td>21</td>\r\n<td>Ninh Ch - Vnh Hy</td>\r\n<td>2 ngy</td>\r\n<td>4,500,000</td>\r\n</tr>\r\n<tr>\r\n<td>22</td>\r\n<td>Ninh Ch - Vnh Hy</td>\r\n<td>3 ngy</td>\r\n<td>5,000,000</td>\r\n</tr>\r\n<tr>\r\n<td>23</td>\r\n<td>Ninh Ch -  Lt</td>\r\n<td>4 ngy</td>\r\n<td>6,500,000</td>\r\n</tr>\r\n<tr>\r\n<td>24</td>\r\n<td>Bun M Thut</td>\r\n<td>3 ngy</td>\r\n<td>5,500,000</td>\r\n</tr>\r\n<tr>\r\n<td>25</td>\r\n<td>Chu c - H Tin</td>\r\n<td>2 ngy</td>\r\n<td>5,000,000</td>\r\n</tr>\r\n<tr>\r\n<td>26</td>\r\n<td>Ni Sam - Chu c</td>\r\n<td>1 ngy</td>\r\n<td>3,500,000 </td>\r\n</tr>\r\n<tr>\r\n<td>27</td>\r\n<td>C Thc</td>\r\n<td>2 ngy</td>\r\n<td>4,000,000</td>\r\n</tr>\r\n<tr>\r\n<td>28</td>\r\n<td>Tam Bnh</td>\r\n<td>3 ngy</td>\r\n<td>6,000,000</td>\r\n</tr>\r\n<tr>\r\n<td>29</td>\r\n<td>Ph Yn</td>\r\n<td>3 ngy</td>\r\n<td>8,000,000</td>\r\n</tr>\r\n<tr>\r\n<td>30</td>\r\n<td>Quy Nhn</td>\r\n<td>4 gy</td>\r\n<td>9,000,000</td>\r\n</tr>\r\n</tbody>\r\n</table>\r\n<div class="clearfix">Ch :<br />* Bng gi trn mang tnh tham kho, c th thay i ty vo tnh hnh thc t, thi im, hnh trnh v s ngy i,<br />Qu khch lin h vi chng ti  c t vn chuyn i thch hp v gi tt nht.</div>\r\n</div>\r\n</div>	1	61	2016-07-05 02:09:24.213409	2016-07-06 08:31:53.208037
1	logo_toyota.png	Bng gi thu xe toyota 4 ch	0.0	Cng ty du lich Hi ng Travel l mt trong nhng n v chuyn cho thu xe 4 ch ti TPHCM. Vi mng li rng khp, xe cht lng cao chuyn phc v khch du lch, chng ti lun lm hi lng khch hng khi n vi dch v cho thu xe 4 ch. Vi tiu ch cht lng hon ho, chng ti  nhp v cc dng xe nh Mercedes, Toyota, Hyundai, Aero Space vi gh bt, my lnh m i, h thng chng sc tt nn c rt nhiu khch hng thu xe a chung. Qua nhiu nm phc v, Hi ng Travel l mt trong nhng cng ty cho thu xe 4 ch c khch hng nh gi cao, c mt ch ng vng chc trong nhn thc khch hng khi c nhu cu thu xe du lch cht lng cao. thue xe 4 cho Ngoi dch v cht lng, gi c l mt trong nhng yu t quan trng khi qu khch thu xe 4 ch gi r. i ng nhn vin chuyn nghip, tn tm lun t vn cho khch hng dng xe v loi xe vi s ch ph hp  tit kim chi ph, nhng vn m bo mt hnh trnh thoi mi.	<div class="panel panel-green margin-bottom-40">\r\n<div class="panel-body">\r\n<div class="panel panel-green margin-bottom-40">\r\n<div class="panel-body">\r\n<p>Thng tin chi tit thu xe du lch ti wwww.haidangtravel.com. Thng tin lin h<br />Hotline : 08 3849 3838 - Mail: Info@haidangtravel.com</p>\r\n</div>\r\n<table class="table table-bordered table-striped">\r\n<thead>\r\n<tr>\r\n<th>STT</th>\r\n<th>QUY NH</th>\r\n<th>GI</th>\r\n</tr>\r\n</thead>\r\n<tbody>\r\n<tr>\r\n<td>1</td>\r\n<td>Ga thu mi thng (2,600km / 26 ngy)</td>\r\n<td>28,000,000</td>\r\n</tr>\r\n<tr>\r\n<td>2</td>\r\n<td>Gi thu mi ngy</td>\r\n<td>1,800,000 </td>\r\n</tr>\r\n<tr>\r\n<td>3</td>\r\n<td>Ngoi gi ( 8h - 18h ) - Gi tnh theo 1 gi</td>\r\n<td>65,000 </td>\r\n</tr>\r\n<tr>\r\n<td>4</td>\r\n<td>Vt km ( t km th 2601 ) gi tnh theo 1/km</td>\r\n<td>7,500 </td>\r\n</tr>\r\n<tr>\r\n<td>5</td>\r\n<td>Ch Nht v ngy L gi tnh theo 1 ngy</td>\r\n<td>1,600,000 </td>\r\n</tr>\r\n<tr>\r\n<td>6</td>\r\n<td>Qua m (ngoi TP HCM ) gi/1m</td>\r\n<td>400,000 </td>\r\n</tr>\r\n</tbody>\r\n</table>\r\n</div>\r\n<p>Lu : + Xe s dng 26 ngy / 1 thng tr Ch nht v cc ngy l. + Thi gian lm vic t 8h sng n 18h ti. + Gi trn bao gm ph xng du &amp; ti x kinh nghim, bit ting Anh. + Ph u xe v ph cu ng s do bn thu chu + Gi trn cha bao gm thu VAT 10%. + Gi trn ch mang tnh cht tham kho. Ty vo tnh hnh thc t &amp; thi im.</p>\r\n<div class="panel-heading">\r\n<h3>BNG GI THEO L TRNH</h3>\r\n</div>\r\n<div class="panel-body">\r\n<p>Thng tin chi tit thu xe du lch ti wwww.haidangtravel.com. Thng tin lin h<br />Hotline : 08 3849 3838 - Mail: Info@haidangtravel.com</p>\r\n</div>\r\n<table class="table table-bordered table-striped">\r\n<thead>\r\n<tr>\r\n<th>STT</th>\r\n<th>L TRNH</th>\r\n<th>THI GIAN</th>\r\n<th>GI</th>\r\n</tr>\r\n</thead>\r\n<tbody>\r\n<tr>\r\n<td>1</td>\r\n<td>a/ n sn bay/ ga</td>\r\n<td>Lt</td>\r\n<td>700 </td>\r\n</tr>\r\n<tr>\r\n<td>2</td>\r\n<td>City tour - C chi</td>\r\n<td>1 ngy</td>\r\n<td>1,500,000</td>\r\n</tr>\r\n<tr>\r\n<td>3</td>\r\n<td>C Chi, Ty Ninh</td>\r\n<td>1 ngy</td>\r\n<td>1,800,000</td>\r\n</tr>\r\n<tr>\r\n<td>4</td>\r\n<td>Cn Gi</td>\r\n<td>1 ngy</td>\r\n<td>1,700,000</td>\r\n</tr>\r\n<tr>\r\n<td>5</td>\r\n<td>Cn Gi</td>\r\n<td>2 ngy</td>\r\n<td>2,500,000</td>\r\n</tr>\r\n<tr>\r\n<td>6</td>\r\n<td>M Tho</td>\r\n<td>1 ngy</td>\r\n<td>1,800,000</td>\r\n</tr>\r\n<tr>\r\n<td>7</td>\r\n<td>Vng Tu = Long Hi</td>\r\n<td>1 ngy</td>\r\n<td>1,900,000</td>\r\n</tr>\r\n<tr>\r\n<td>8</td>\r\n<td>Vng Tu = Long Hi</td>\r\n<td>2 ngy</td>\r\n<td>2,800,000</td>\r\n</tr>\r\n<tr>\r\n<td>9</td>\r\n<td>Cn Th</td>\r\n<td>2 ngy</td>\r\n<td>3,300,000</td>\r\n</tr>\r\n<tr>\r\n<td>10</td>\r\n<td>Phan Thit</td>\r\n<td>2 ngy</td>\r\n<td>3,500,000</td>\r\n</tr>\r\n<tr>\r\n<td>11</td>\r\n<td>Phan Thit</td>\r\n<td>3 ngy</td>\r\n<td>4,300,000</td>\r\n</tr>\r\n<tr>\r\n<td>12</td>\r\n<td>Bnh Chu - H Cc</td>\r\n<td>1 ngy</td>\r\n<td>2,200,000</td>\r\n</tr>\r\n<tr>\r\n<td>13</td>\r\n<td>Bnh Chu - H Cc</td>\r\n<td>2 ngy</td>\r\n<td>3,000,000</td>\r\n</tr>\r\n<tr>\r\n<td>14</td>\r\n<td>Nha Trang 4 o</td>\r\n<td>3 ngy</td>\r\n<td>5,500,000</td>\r\n</tr>\r\n<tr>\r\n<td>15</td>\r\n<td>Nha Trang 4 o</td>\r\n<td>4 ngy</td>\r\n<td>6,000,000</td>\r\n</tr>\r\n<tr>\r\n<td>16</td>\r\n<td>Nha Trang Dc Lt</td>\r\n<td>3 ngy</td>\r\n<td>6,600,000</td>\r\n</tr>\r\n<tr>\r\n<td>17</td>\r\n<td> Lt</td>\r\n<td>3 ngy</td>\r\n<td>5,000,000</td>\r\n</tr>\r\n<tr>\r\n<td>18</td>\r\n<td> Lt</td>\r\n<td>4 ngy</td>\r\n<td>5,500,000</td>\r\n</tr>\r\n<tr>\r\n<td>19</td>\r\n<td>Nha Trang -  Lt</td>\r\n<td>4 ngy</td>\r\n<td>7,000,000</td>\r\n</tr>\r\n<tr>\r\n<td>20</td>\r\n<td>Nha Trang -  lt</td>\r\n<td>5 ngy</td>\r\n<td>7,500,000</td>\r\n</tr>\r\n<tr>\r\n<td>21</td>\r\n<td>Ninh Ch - Vnh Hy</td>\r\n<td>2 ngy</td>\r\n<td>4,500,000</td>\r\n</tr>\r\n<tr>\r\n<td>22</td>\r\n<td>Ninh Ch - Vnh Hy</td>\r\n<td>3 ngy</td>\r\n<td>5,000,000</td>\r\n</tr>\r\n<tr>\r\n<td>23</td>\r\n<td>Ninh Ch -  Lt</td>\r\n<td>4 ngy</td>\r\n<td>6,500,000</td>\r\n</tr>\r\n<tr>\r\n<td>24</td>\r\n<td>Bun M Thut</td>\r\n<td>3 ngy</td>\r\n<td>5,500,000</td>\r\n</tr>\r\n<tr>\r\n<td>25</td>\r\n<td>Chu c - H Tin</td>\r\n<td>2 ngy</td>\r\n<td>5,000,000</td>\r\n</tr>\r\n<tr>\r\n<td>26</td>\r\n<td>Ni Sam - Chu c</td>\r\n<td>1 ngy</td>\r\n<td>3,500,000 </td>\r\n</tr>\r\n<tr>\r\n<td>27</td>\r\n<td>C Thc</td>\r\n<td>2 ngy</td>\r\n<td>4,000,000</td>\r\n</tr>\r\n<tr>\r\n<td>28</td>\r\n<td>Tam Bnh</td>\r\n<td>3 ngy</td>\r\n<td>6,000,000</td>\r\n</tr>\r\n<tr>\r\n<td>29</td>\r\n<td>Ph Yn</td>\r\n<td>3 ngy</td>\r\n<td>8,000,000</td>\r\n</tr>\r\n<tr>\r\n<td>30</td>\r\n<td>Quy Nhn</td>\r\n<td>4 gy</td>\r\n<td>9,000,000</td>\r\n</tr>\r\n</tbody>\r\n</table>\r\n<div class="clearfix">Ch :<br />* Bng gi trn mang tnh tham kho, c th thay i ty vo tnh hnh thc t, thi im, hnh trnh v s ngy i,<br />Qu khch lin h vi chng ti  c t vn chuyn i thch hp v gi tt nht.</div>\r\n</div>\r\n</div>	1	56	2016-07-05 02:07:16.854948	2016-07-06 08:32:18.939312
\.


--
-- Name: cars_id_seq; Type: SEQUENCE SET; Schema: public; Owner: nguyenngocson0811
--

SELECT pg_catalog.setval('cars_id_seq', 2, true);


--
-- Data for Name: carts; Type: TABLE DATA; Schema: public; Owner: nguyenngocson0811
--

COPY carts (id, created_at, updated_at, voucher_code, coupon_code) FROM stdin;
\.


--
-- Name: carts_id_seq; Type: SEQUENCE SET; Schema: public; Owner: nguyenngocson0811
--

SELECT pg_catalog.setval('carts_id_seq', 1, false);


--
-- Data for Name: categories; Type: TABLE DATA; Schema: public; Owner: nguyenngocson0811
--

COPY categories (id, name, level, description, created_at, updated_at, ordered, meta_keywords, meta_description) FROM stdin;
58	Trang Ch	1	home	2016-07-06 07:46:10.431233	2016-07-06 07:46:18.124914	0		
51	Gii Thiu	1	about_us	2016-07-01 01:02:43.466131	2016-07-06 07:46:18.146408	1		
52	Tour Du Lch	1	tour	2016-07-01 01:02:56.399466	2016-07-06 07:46:18.167616	2		
55	Cm Nang Du Lch	1	tour_handbook	2016-07-01 01:08:10.867266	2016-07-06 07:46:18.250128	6		
56	Tin Tc Du Lch	1	travel_news	2016-07-01 01:08:28.876316	2016-07-06 07:46:18.270946	7		
59	Dch v	1	services	2016-07-06 07:46:53.071231	2016-07-06 07:51:28.137491	3		
57	T Chc S Kin	1	event	2016-07-01 01:09:00.240665	2016-07-06 07:51:28.157661	4		
60	Lin H	1	contact	2016-07-06 07:51:45.173281	2016-07-06 07:51:45.173281	\N		
\.


--
-- Name: categories_id_seq; Type: SEQUENCE SET; Schema: public; Owner: nguyenngocson0811
--

SELECT pg_catalog.setval('categories_id_seq', 60, true);


--
-- Data for Name: categories_products; Type: TABLE DATA; Schema: public; Owner: nguyenngocson0811
--

COPY categories_products (id, product_id, category_id, created_at, updated_at) FROM stdin;
\.


--
-- Name: categories_products_id_seq; Type: SEQUENCE SET; Schema: public; Owner: nguyenngocson0811
--

SELECT pg_catalog.setval('categories_products_id_seq', 1, false);


--
-- Data for Name: code_statuses; Type: TABLE DATA; Schema: public; Owner: nguyenngocson0811
--

COPY code_statuses (id, title, description, created_at, updated_at) FROM stdin;
\.


--
-- Name: code_statuses_id_seq; Type: SEQUENCE SET; Schema: public; Owner: nguyenngocson0811
--

SELECT pg_catalog.setval('code_statuses_id_seq', 1, false);


--
-- Data for Name: comment_articles; Type: TABLE DATA; Schema: public; Owner: nguyenngocson0811
--

COPY comment_articles (id, name, email, content, user_id, article_id, created_at, updated_at, parent_id) FROM stdin;
\.


--
-- Name: comment_articles_id_seq; Type: SEQUENCE SET; Schema: public; Owner: nguyenngocson0811
--

SELECT pg_catalog.setval('comment_articles_id_seq', 1, false);


--
-- Data for Name: comments; Type: TABLE DATA; Schema: public; Owner: nguyenngocson0811
--

COPY comments (id, product_id, name, content, star, user_id, created_at, updated_at) FROM stdin;
\.


--
-- Name: comments_id_seq; Type: SEQUENCE SET; Schema: public; Owner: nguyenngocson0811
--

SELECT pg_catalog.setval('comments_id_seq', 1, false);


--
-- Data for Name: companies; Type: TABLE DATA; Schema: public; Owner: nguyenngocson0811
--

COPY companies (id, image_url, name, head_office_address, certificate_no, date_of_issue, sales_office_address, phone, hotline, email, created_at, updated_at, head_area_id, branch_area_id, type_company, fax, representative, issued_by, hotline_2) FROM stdin;
1	destinations04.jpg	CNG TY TNHH MTV DU LCH KHM PH MI	259/2 Nguyn Tri Phng, Phng 5, Qun 10, Tp H Ch Minh, Vit Nam	0 3 1 0 1 8 1 8 9 2	2010-07-19 00:00:00	114 Ng Quyn, Phng 5, Qun 10, Tp H Ch Minh, Vit Nam	(+84) 8 3 85 333 18 - (+84) 8 3 85 333 21	0919 515 059	info@cungmuadulich.net	2016-07-01 07:30:30.798755	2016-07-01 07:39:45.143284	102	102	Head Office	(+84) 8 3 85 333 19	ng Nguyn Trng Ln	SKHT TP HCM	0919 623 535
\.


--
-- Name: companies_id_seq; Type: SEQUENCE SET; Schema: public; Owner: nguyenngocson0811
--

SELECT pg_catalog.setval('companies_id_seq', 1, true);


--
-- Data for Name: compares; Type: TABLE DATA; Schema: public; Owner: nguyenngocson0811
--

COPY compares (id, created_at, updated_at) FROM stdin;
\.


--
-- Name: compares_id_seq; Type: SEQUENCE SET; Schema: public; Owner: nguyenngocson0811
--

SELECT pg_catalog.setval('compares_id_seq', 1, false);


--
-- Data for Name: contacts; Type: TABLE DATA; Schema: public; Owner: nguyenngocson0811
--

COPY contacts (id, name, email, message, created_at, updated_at, user_id, phone, subject) FROM stdin;
2	Nguyn Ngc Sn	sonnn@hoangkhang.com.vn	Test chc nng lin h	2016-07-06 15:05:21.287418	2016-07-06 15:05:21.287418	\N	01644046123	\N
\.


--
-- Name: contacts_id_seq; Type: SEQUENCE SET; Schema: public; Owner: nguyenngocson0811
--

SELECT pg_catalog.setval('contacts_id_seq', 2, true);


--
-- Data for Name: conversations; Type: TABLE DATA; Schema: public; Owner: nguyenngocson0811
--

COPY conversations (id, sender_id, recipient_id, created_at, updated_at) FROM stdin;
\.


--
-- Name: conversations_id_seq; Type: SEQUENCE SET; Schema: public; Owner: nguyenngocson0811
--

SELECT pg_catalog.setval('conversations_id_seq', 1, false);


--
-- Data for Name: coupons; Type: TABLE DATA; Schema: public; Owner: nguyenngocson0811
--

COPY coupons (id, name, code, from_date, to_date, description, quantity, created_at, updated_at, price) FROM stdin;
\.


--
-- Name: coupons_id_seq; Type: SEQUENCE SET; Schema: public; Owner: nguyenngocson0811
--

SELECT pg_catalog.setval('coupons_id_seq', 1, false);


--
-- Data for Name: customers; Type: TABLE DATA; Schema: public; Owner: nguyenngocson0811
--

COPY customers (id, first_name, last_name, email, phone, company, address, city, zip_code, country, province, created_at, updated_at, order_id, area_id) FROM stdin;
\.


--
-- Name: customers_id_seq; Type: SEQUENCE SET; Schema: public; Owner: nguyenngocson0811
--

SELECT pg_catalog.setval('customers_id_seq', 1, false);


--
-- Data for Name: delivery_methods; Type: TABLE DATA; Schema: public; Owner: nguyenngocson0811
--

COPY delivery_methods (id, title, description, created_at, updated_at) FROM stdin;
\.


--
-- Name: delivery_methods_id_seq; Type: SEQUENCE SET; Schema: public; Owner: nguyenngocson0811
--

SELECT pg_catalog.setval('delivery_methods_id_seq', 1, false);


--
-- Data for Name: feedbacks; Type: TABLE DATA; Schema: public; Owner: nguyenngocson0811
--

COPY feedbacks (id, email, content, created_at, updated_at) FROM stdin;
\.


--
-- Name: feedbacks_id_seq; Type: SEQUENCE SET; Schema: public; Owner: nguyenngocson0811
--

SELECT pg_catalog.setval('feedbacks_id_seq', 1, false);


--
-- Data for Name: hotel_images; Type: TABLE DATA; Schema: public; Owner: nguyenngocson0811
--

COPY hotel_images (id, image_url, hotel_id, created_at, updated_at) FROM stdin;
1	teambuilding3.jpg	1	2016-07-03 15:50:57.178829	2016-07-03 15:50:57.178829
2	ws_Mountain_Norway_Lofoten_Reine_1920x1080.jpg	1	2016-07-03 15:50:57.211855	2016-07-03 15:50:57.211855
3	logo_new_discovery_-_Copy.png	1	2016-07-03 15:50:57.225581	2016-07-03 15:50:57.225581
4	6beb85b6-0e95-405e-8b09-c7f36c47e8a0-2.jpg	2	2016-07-04 08:23:56.961076	2016-07-04 08:23:56.961076
5	bai-da-.jpg	2	2016-07-04 08:23:56.972039	2016-07-04 08:23:56.972039
6	con-dao.jpg	2	2016-07-04 08:23:56.981831	2016-07-04 08:23:56.981831
7	e66Phu-Quoc.jpg	2	2016-07-04 08:23:56.995132	2016-07-04 08:23:56.995132
8	kinh-nghiem-du-lich-phu-quoc-bang-may-bay.jpg	2	2016-07-04 08:23:57.003982	2016-07-04 08:23:57.003982
\.


--
-- Name: hotel_images_id_seq; Type: SEQUENCE SET; Schema: public; Owner: nguyenngocson0811
--

SELECT pg_catalog.setval('hotel_images_id_seq', 8, true);


--
-- Data for Name: hotel_rooms; Type: TABLE DATA; Schema: public; Owner: nguyenngocson0811
--

COPY hotel_rooms (id, image_url, room_type, price, people_number, bed_number, hotel_id, created_at, updated_at) FROM stdin;
9	6beb85b6-0e95-405e-8b09-c7f36c47e8a0-2.jpg	zczcxzczz3x	500000	2.0	1.0	2	2016-07-05 04:10:35.458667	2016-07-05 04:11:18.001249
10	bai-da-.jpg	dasda6sds6ad6	550000	4.0	2.0	2	2016-07-05 04:10:35.467503	2016-07-05 04:11:18.024884
11	con-dao.jpg	Vip abc zyx	400000	2.0	1.0	2	2016-07-05 04:10:35.476501	2016-07-05 04:11:31.214665
\.


--
-- Name: hotel_rooms_id_seq; Type: SEQUENCE SET; Schema: public; Owner: nguyenngocson0811
--

SELECT pg_catalog.setval('hotel_rooms_id_seq', 11, true);


--
-- Data for Name: hotels; Type: TABLE DATA; Schema: public; Owner: nguyenngocson0811
--

COPY hotels (id, image_url, name, hotel_type, address, "position", area_id, avg_price, services, content, created_at, updated_at) FROM stdin;
2	phu-quoc.jpg	KHCH SN HNG BIN PH QUC	Khch sn 3 sao	S 01 V Th Su, TT.Dng ng, huyn Ph Quc, Kin Giang.	10.214981, 103.958959	407	1350000.0	t_24_hour_reception,t_24_hour_room_service,airport_shuttles_service,childcare_service,bar,convention_center,car_rentals,coffee_shops,guides,money_exchange,elevator,laundry_service,luggage_storage,meeting_room_devices,bar_near_pool,restaurant,housekeeping,safe,travel_service,beauty_salon,smoking_room,outdoor_pool,massage,sauna,gym,spa,wifi,outdoor_wifi,car_park,free_buffet_breakfast,vietnamese,english,japanese,chinese	<p>D bn n Ph Quc  ngh mt hay cng tc, hy n khch sn Hng Bin, khch sn tng ng chun 3 sao<a href="http://www.huongbienhotel.com.vn/vi/location" title="V tr - Khch sn Hng Bin, Ph Quc, Kin Giang">ta lc ngay trung tm th trn</a>ln nht o Ph Quc, tm nhn tuyt vi ra bin &amp; thng cnh Dinh Cu, vi phong cch sang trng, c trang b tin nghi ti tn nht, m bo chuyn i ca bn tr nn thc s n tng.</p>\r\n<p>Khch Sn Hng Bin trc thuc Cng Ty C Phn Du Lich Ph Quc, l mt trong nhng khch sn p v tin nghi nht Ph Quc hin nay. H thng nh hng ca Khch sn Hng Bin l ni l tng  qu khch thng thc cc mn n u, , hi sn, v cc mn n truyn thng Vit Nam.</p>\r\n<p>Vi<a href="http://www.huongbienhotel.com.vn/vi/reservation" title="t phng - Khch sn Hng Bin, Ph Quc, Kin Giang">50 phng ng hin i, thong mt</a>, c trang b tin nghi tiu chun quc t. Cc phng ng v cc cn h ca khch sn Hng Bin c thit k c sc, phi hp nhiu gam mu l mt to cm gic th gin, d chu.</p>	2016-07-04 08:23:56.927995	2016-07-04 09:42:11.360121
\.


--
-- Name: hotels_id_seq; Type: SEQUENCE SET; Schema: public; Owner: nguyenngocson0811
--

SELECT pg_catalog.setval('hotels_id_seq', 2, true);


--
-- Data for Name: line_item_compares; Type: TABLE DATA; Schema: public; Owner: nguyenngocson0811
--

COPY line_item_compares (id, product_id, compare_id, created_at, updated_at) FROM stdin;
\.


--
-- Name: line_item_compares_id_seq; Type: SEQUENCE SET; Schema: public; Owner: nguyenngocson0811
--

SELECT pg_catalog.setval('line_item_compares_id_seq', 1, false);


--
-- Data for Name: line_items; Type: TABLE DATA; Schema: public; Owner: nguyenngocson0811
--

COPY line_items (id, product_id, cart_id, created_at, updated_at, quantity) FROM stdin;
\.


--
-- Name: line_items_id_seq; Type: SEQUENCE SET; Schema: public; Owner: nguyenngocson0811
--

SELECT pg_catalog.setval('line_items_id_seq', 1, false);


--
-- Data for Name: manufacturers; Type: TABLE DATA; Schema: public; Owner: nguyenngocson0811
--

COPY manufacturers (id, image_url, name, address, description, created_at, updated_at) FROM stdin;
1	logo_toyota.png	Toyota	\N		2016-07-05 01:54:25.899188	2016-07-05 01:54:25.899188
\.


--
-- Name: manufacturers_id_seq; Type: SEQUENCE SET; Schema: public; Owner: nguyenngocson0811
--

SELECT pg_catalog.setval('manufacturers_id_seq', 1, true);


--
-- Data for Name: messages; Type: TABLE DATA; Schema: public; Owner: nguyenngocson0811
--

COPY messages (id, body, conversation_id, user_id, created_at, updated_at, seen) FROM stdin;
\.


--
-- Name: messages_id_seq; Type: SEQUENCE SET; Schema: public; Owner: nguyenngocson0811
--

SELECT pg_catalog.setval('messages_id_seq', 1, false);


--
-- Data for Name: newsletters; Type: TABLE DATA; Schema: public; Owner: nguyenngocson0811
--

COPY newsletters (id, email, created_at, updated_at, status, user_id) FROM stdin;
\.


--
-- Name: newsletters_id_seq; Type: SEQUENCE SET; Schema: public; Owner: nguyenngocson0811
--

SELECT pg_catalog.setval('newsletters_id_seq', 1, false);


--
-- Data for Name: options; Type: TABLE DATA; Schema: public; Owner: nguyenngocson0811
--

COPY options (id, created_at, updated_at, code, tag, value, note, title, accept_email) FROM stdin;
\.


--
-- Name: options_id_seq; Type: SEQUENCE SET; Schema: public; Owner: nguyenngocson0811
--

SELECT pg_catalog.setval('options_id_seq', 1, false);


--
-- Data for Name: order_deliveries; Type: TABLE DATA; Schema: public; Owner: nguyenngocson0811
--

COPY order_deliveries (id, first_name, last_name, company, address, city, zip_code, country, province, delivery_method_id, payment_method_id, message, created_at, updated_at, order_id, email, phone) FROM stdin;
\.


--
-- Name: order_deliveries_id_seq; Type: SEQUENCE SET; Schema: public; Owner: nguyenngocson0811
--

SELECT pg_catalog.setval('order_deliveries_id_seq', 1, false);


--
-- Data for Name: order_details; Type: TABLE DATA; Schema: public; Owner: nguyenngocson0811
--

COPY order_details (id, order_id, product_id, quantity, price, created_at, updated_at, product_name) FROM stdin;
\.


--
-- Name: order_details_id_seq; Type: SEQUENCE SET; Schema: public; Owner: nguyenngocson0811
--

SELECT pg_catalog.setval('order_details_id_seq', 1, false);


--
-- Data for Name: orders; Type: TABLE DATA; Schema: public; Owner: nguyenngocson0811
--

COPY orders (id, created_at, updated_at, user_id, status, different_delivery, voucher_code, voucher_price, coupon_code, coupon_price) FROM stdin;
\.


--
-- Name: orders_id_seq; Type: SEQUENCE SET; Schema: public; Owner: nguyenngocson0811
--

SELECT pg_catalog.setval('orders_id_seq', 1, false);


--
-- Data for Name: parent_article_categories; Type: TABLE DATA; Schema: public; Owner: nguyenngocson0811
--

COPY parent_article_categories (id, parent_id, article_category_id, created_at, updated_at) FROM stdin;
2	3	7	2016-06-30 02:41:21.857567	2016-06-30 02:41:21.857567
3	3	8	2016-06-30 02:41:49.116474	2016-06-30 02:41:49.116474
4	4	9	2016-06-30 02:42:44.518265	2016-06-30 02:42:44.518265
5	4	10	2016-06-30 02:43:03.768761	2016-06-30 02:43:03.768761
6	4	11	2016-06-30 02:43:34.065008	2016-06-30 02:43:34.065008
7	4	12	2016-06-30 02:43:51.263251	2016-06-30 02:43:51.263251
8	4	13	2016-06-30 02:44:06.842493	2016-06-30 02:44:06.842493
9	10	14	2016-06-30 02:44:30.180927	2016-06-30 02:44:30.180927
10	10	15	2016-06-30 02:44:50.003918	2016-06-30 02:44:50.003918
11	10	16	2016-06-30 02:45:18.275888	2016-06-30 02:45:18.275888
12	9	17	2016-07-01 01:47:48.662497	2016-07-01 01:47:48.662497
13	9	18	2016-07-01 01:48:35.891871	2016-07-01 01:48:35.891871
14	9	19	2016-07-01 02:22:13.927785	2016-07-01 02:22:13.927785
15	9	20	2016-07-01 02:27:31.223983	2016-07-01 02:27:31.223983
16	3	6	2016-07-01 02:27:50.446518	2016-07-01 02:27:50.446518
17	12	21	2016-07-01 02:28:14.291887	2016-07-01 02:28:14.291887
27	28	32	2016-07-01 02:36:26.649091	2016-07-01 02:36:26.649091
28	12	23	2016-07-01 02:36:58.02278	2016-07-01 02:36:58.02278
29	12	22	2016-07-01 02:37:14.036673	2016-07-01 02:37:14.036673
30	12	26	2016-07-01 02:37:25.709611	2016-07-01 02:37:25.709611
33	12	24	2016-07-01 02:38:09.114787	2016-07-01 02:38:09.114787
35	12	25	2016-07-01 02:38:43.390294	2016-07-01 02:38:43.390294
37	28	33	2016-07-01 02:51:09.777627	2016-07-01 02:51:09.777627
38	28	35	2016-07-01 02:51:43.511231	2016-07-01 02:51:43.511231
39	28	34	2016-07-01 02:51:52.791148	2016-07-01 02:51:52.791148
40	28	36	2016-07-01 02:53:05.816656	2016-07-01 02:53:05.816656
41	28	37	2016-07-01 02:53:23.073276	2016-07-01 02:53:23.073276
42	28	38	2016-07-01 02:53:46.113228	2016-07-01 02:53:46.113228
43	29	39	2016-07-01 02:54:12.603862	2016-07-01 02:54:12.603862
44	29	40	2016-07-01 02:54:29.117155	2016-07-01 02:54:29.117155
45	29	41	2016-07-01 02:54:44.673683	2016-07-01 02:54:44.673683
47	29	42	2016-07-01 02:55:04.478731	2016-07-01 02:55:04.478731
54	27	28	2016-07-04 03:36:00.783666	2016-07-04 03:36:00.783666
55	27	29	2016-07-04 03:36:23.463869	2016-07-04 03:36:23.463869
56	28	31	2016-07-04 04:09:59.938106	2016-07-04 04:09:59.938106
57	28	30	2016-07-04 04:10:16.33804	2016-07-04 04:10:16.33804
62	52	56	2016-07-06 07:56:21.414212	2016-07-06 07:56:21.414212
63	52	57	2016-07-06 07:56:32.873151	2016-07-06 07:56:32.873151
64	52	58	2016-07-06 07:56:45.129748	2016-07-06 07:56:45.129748
65	52	59	2016-07-06 07:56:59.586363	2016-07-06 07:56:59.586363
66	52	60	2016-07-06 07:57:09.8689	2016-07-06 07:57:09.8689
70	53	62	2016-07-06 08:02:07.559372	2016-07-06 08:02:07.559372
71	54	63	2016-07-06 08:02:31.235019	2016-07-06 08:02:31.235019
72	55	64	2016-07-06 08:02:45.498899	2016-07-06 08:02:45.498899
73	51	53	2016-07-06 08:07:00.798474	2016-07-06 08:07:00.798474
74	51	54	2016-07-06 08:07:49.657747	2016-07-06 08:07:49.657747
76	51	55	2016-07-06 08:08:20.927319	2016-07-06 08:08:20.927319
77	51	52	2016-07-06 08:10:41.353283	2016-07-06 08:10:41.353283
78	52	61	2016-07-06 08:32:06.477814	2016-07-06 08:32:06.477814
\.


--
-- Name: parent_article_categories_id_seq; Type: SEQUENCE SET; Schema: public; Owner: nguyenngocson0811
--

SELECT pg_catalog.setval('parent_article_categories_id_seq', 78, true);


--
-- Data for Name: parent_categories; Type: TABLE DATA; Schema: public; Owner: nguyenngocson0811
--

COPY parent_categories (id, parent_id, category_id, created_at, updated_at) FROM stdin;
\.


--
-- Name: parent_categories_id_seq; Type: SEQUENCE SET; Schema: public; Owner: nguyenngocson0811
--

SELECT pg_catalog.setval('parent_categories_id_seq', 565, true);


--
-- Data for Name: payment_methods; Type: TABLE DATA; Schema: public; Owner: nguyenngocson0811
--

COPY payment_methods (id, title, description, created_at, updated_at) FROM stdin;
\.


--
-- Name: payment_methods_id_seq; Type: SEQUENCE SET; Schema: public; Owner: nguyenngocson0811
--

SELECT pg_catalog.setval('payment_methods_id_seq', 1, false);


--
-- Data for Name: product_images; Type: TABLE DATA; Schema: public; Owner: nguyenngocson0811
--

COPY product_images (id, product_id, image_url, created_at, updated_at, is_main) FROM stdin;
\.


--
-- Name: product_images_id_seq; Type: SEQUENCE SET; Schema: public; Owner: nguyenngocson0811
--

SELECT pg_catalog.setval('product_images_id_seq', 1, false);


--
-- Data for Name: products; Type: TABLE DATA; Schema: public; Owner: nguyenngocson0811
--

COPY products (id, name, code, quantity, unit, price, short_description, description, manufacturer_id, product_image_id, created_at, updated_at, tags, status, old_price, discount_percent, meta_keywords, meta_description, is_show, stock, approved, user_id) FROM stdin;
\.


--
-- Name: products_id_seq; Type: SEQUENCE SET; Schema: public; Owner: nguyenngocson0811
--

SELECT pg_catalog.setval('products_id_seq', 1, false);


--
-- Data for Name: program_languages; Type: TABLE DATA; Schema: public; Owner: nguyenngocson0811
--

COPY program_languages (id, name, description, created_at, updated_at) FROM stdin;
\.


--
-- Name: program_languages_id_seq; Type: SEQUENCE SET; Schema: public; Owner: nguyenngocson0811
--

SELECT pg_catalog.setval('program_languages_id_seq', 1, false);


--
-- Data for Name: program_languages_projects; Type: TABLE DATA; Schema: public; Owner: nguyenngocson0811
--

COPY program_languages_projects (id, program_language_id, project_id, created_at, updated_at) FROM stdin;
\.


--
-- Name: program_languages_projects_id_seq; Type: SEQUENCE SET; Schema: public; Owner: nguyenngocson0811
--

SELECT pg_catalog.setval('program_languages_projects_id_seq', 1, false);


--
-- Data for Name: project_categories; Type: TABLE DATA; Schema: public; Owner: nguyenngocson0811
--

COPY project_categories (id, name, description, created_at, updated_at, name_vi, description_vi) FROM stdin;
\.


--
-- Name: project_categories_id_seq; Type: SEQUENCE SET; Schema: public; Owner: nguyenngocson0811
--

SELECT pg_catalog.setval('project_categories_id_seq', 1, false);


--
-- Data for Name: project_categories_projects; Type: TABLE DATA; Schema: public; Owner: nguyenngocson0811
--

COPY project_categories_projects (id, project_category_id, project_id, created_at, updated_at) FROM stdin;
\.


--
-- Name: project_categories_projects_id_seq; Type: SEQUENCE SET; Schema: public; Owner: nguyenngocson0811
--

SELECT pg_catalog.setval('project_categories_projects_id_seq', 1, false);


--
-- Data for Name: project_images; Type: TABLE DATA; Schema: public; Owner: nguyenngocson0811
--

COPY project_images (id, image_url, project_id, created_at, updated_at) FROM stdin;
\.


--
-- Name: project_images_id_seq; Type: SEQUENCE SET; Schema: public; Owner: nguyenngocson0811
--

SELECT pg_catalog.setval('project_images_id_seq', 1, false);


--
-- Data for Name: projects; Type: TABLE DATA; Schema: public; Owner: nguyenngocson0811
--

COPY projects (id, image_url, author, name, start_date, end_date, description, website, created_at, updated_at, author_vi, name_vi, description_vi) FROM stdin;
\.


--
-- Name: projects_id_seq; Type: SEQUENCE SET; Schema: public; Owner: nguyenngocson0811
--

SELECT pg_catalog.setval('projects_id_seq', 1, false);


--
-- Data for Name: questions; Type: TABLE DATA; Schema: public; Owner: nguyenngocson0811
--

COPY questions (id, name, email, content, product_id, user_id, created_at, updated_at) FROM stdin;
\.


--
-- Name: questions_id_seq; Type: SEQUENCE SET; Schema: public; Owner: nguyenngocson0811
--

SELECT pg_catalog.setval('questions_id_seq', 1, false);


--
-- Data for Name: schema_migrations; Type: TABLE DATA; Schema: public; Owner: nguyenngocson0811
--

COPY schema_migrations (version) FROM stdin;
20160406035423
20160406060729
20160406061501
20160406072632
20160406090918
20160406093710
20160407021915
20160407022242
20160407033416
20160407034556
20160407040834
20160407041811
20160407063600
20160407071755
20160407073929
20160407090029
20160407092753
20160411022035
20160411070126
20160411090637
20160412090455
20160412091031
20160412091620
20160412092036
20160413013557
20160414070432
20160414071647
20160414071935
20160414072251
20160414072336
20160414111647
20160415024108
20160415034338
20160415045331
20160415070403
20160418084816
20160419063009
20160419063732
20160419073354
20160419084034
20160419084328
20160420021407
20160420025319
20160420031013
20160420035639
20160420071851
20160420083852
20160420083904
20160421014453
20160421023948
20160421032607
20160422075657
20160422084139
20160422092821
20160425011612
20160425011627
20160425031932
20160425042302
20160425043159
20160425043209
20160425075501
20160429043324
20160429062814
20160505042346
20160505065936
20160505084631
20160505090509
20160505092039
20160506024000
20160506084612
20160506090959
20160510030159
20160510030222
20160510094925
20160512092157
20160512092324
20160514031109
20160516073144
20160516073152
20160516073236
20160516073244
20160516080558
20160516082039
20160516085116
20160516085213
20160516090119
20160517032825
20160517033437
20160517083909
20160518035417
20160518070327
20160520062835
20160521024747
20160527042708
20160527083046
20160531021437
20160531021445
20160601013031
20160601065702
20160601091343
20160601100102
20160601111606
20160602071024
20160602083515
20160602083819
20160603025541
20160603071216
20160603080430
20160607034151
20160607034155
20160615074814
20160616023635
20160616034218
20160616034542
20160616040953
20160616063534
20160616064623
20160616073753
20160623013507
20160623013627
20160623013757
20160623013859
20160630081055
20160630081733
20160630084139
20160630141210
20160630141215
20160630142143
20160630142338
20160630142620
20160630142628
20160701073553
20160701080416
20160701083939
20160701084351
20160701144650
20160701145017
20160701145043
20160704030957
20160704155731
20160705151801
20160705152605
20160705162104
\.


--
-- Data for Name: slideshows; Type: TABLE DATA; Schema: public; Owner: nguyenngocson0811
--

COPY slideshows (id, image_url, title_1, title_2, name_button, link, created_at, updated_at, color_1, color_2, style) FROM stdin;
\.


--
-- Name: slideshows_id_seq; Type: SEQUENCE SET; Schema: public; Owner: nguyenngocson0811
--

SELECT pg_catalog.setval('slideshows_id_seq', 1, false);


--
-- Data for Name: testimonials; Type: TABLE DATA; Schema: public; Owner: nguyenngocson0811
--

COPY testimonials (id, name, city, email, content, user_id, created_at, updated_at) FROM stdin;
\.


--
-- Name: testimonials_id_seq; Type: SEQUENCE SET; Schema: public; Owner: nguyenngocson0811
--

SELECT pg_catalog.setval('testimonials_id_seq', 1, false);


--
-- Data for Name: tour_images; Type: TABLE DATA; Schema: public; Owner: nguyenngocson0811
--

COPY tour_images (id, created_at, updated_at, image_url, tour_id) FROM stdin;
1	2016-07-04 01:59:23.597032	2016-07-04 01:59:23.597032	bai-da-.jpg	4
2	2016-07-04 01:59:23.641801	2016-07-04 01:59:23.641801	6beb85b6-0e95-405e-8b09-c7f36c47e8a0-2.jpg	4
3	2016-07-04 01:59:23.65212	2016-07-04 01:59:23.65212	kinh-nghiem-du-lich-phu-quoc-bang-may-bay.jpg	4
4	2016-07-04 01:59:23.664364	2016-07-04 01:59:23.664364	e66Phu-Quoc.jpg	4
5	2016-07-04 01:59:23.673908	2016-07-04 01:59:23.673908	phu-quoc.jpg	4
6	2016-07-04 02:30:26.141226	2016-07-04 02:30:26.141226	bai-da-.jpg	5
7	2016-07-04 02:30:26.15144	2016-07-04 02:30:26.15144	con-dao.jpg	5
8	2016-07-04 02:30:26.164422	2016-07-04 02:30:26.164422	e66Phu-Quoc.jpg	5
9	2016-07-04 02:30:26.173219	2016-07-04 02:30:26.173219	6beb85b6-0e95-405e-8b09-c7f36c47e8a0-2.jpg	5
10	2016-07-04 02:30:26.183943	2016-07-04 02:30:26.183943	kinh-nghiem-du-lich-phu-quoc-bang-may-bay.jpg	5
11	2016-07-04 02:30:26.194885	2016-07-04 02:30:26.194885	phu-quoc.jpg	5
\.


--
-- Name: tour_images_id_seq; Type: SEQUENCE SET; Schema: public; Owner: nguyenngocson0811
--

SELECT pg_catalog.setval('tour_images_id_seq', 11, true);


--
-- Data for Name: tour_schedules; Type: TABLE DATA; Schema: public; Owner: nguyenngocson0811
--

COPY tour_schedules (id, created_at, updated_at, from_date, to_date, depart, arrive, seat, tour_id) FROM stdin;
2	2016-07-04 02:28:11.973676	2016-07-04 02:28:11.973676	2016-07-04 00:00:00	2016-07-07 00:00:00	Sn bay Tn Sn Nht	Ph Quc	50.0	4
\.


--
-- Name: tour_schedules_id_seq; Type: SEQUENCE SET; Schema: public; Owner: nguyenngocson0811
--

SELECT pg_catalog.setval('tour_schedules_id_seq', 2, true);


--
-- Data for Name: tours; Type: TABLE DATA; Schema: public; Owner: nguyenngocson0811
--

COPY tours (id, type, name, is_sale, discount_percent, new_price, old_price, services, duration, "position", hotel, transportation, created_at, updated_at, image_url, content, article_category_id, type_name, approved, description) FROM stdin;
5	\N	Sng snh o ngc Ph Quc	f	\N	0.0	\N	entrance_fees,food,guides,insurrance,transportation,hotel	Hng ngy	10.319622, 104.022268	Khch sn 3 sao	car,plane	2016-07-04 02:30:25.958622	2016-07-04 04:16:06.924537	bai-da-.jpg	<p><span>o Ngc Ph Qucc rt nhiu im tham quan, l thin ng ca nhng ai mun tm ri xa nhng lo toan, bn b ca cuc sng hng ngy. Ch vi 3 ngy 2 m, Du lch Khm Ph Mi s gip qu khch tri nghim nhng ngy ngh ngi tuyt vi nht ti Ph Quc.</span></p>\r\n<p><strong>NGY</strong><strong> 01: TP H CH MINH  PH QUC (n 2 ba )</strong></p>\r\n<p><span><a href="http://www.toptentravel.com.vn/wp-content/uploads/2015/10/vuon-tieu-phu-quoc-copy.jpg"><img alt="vuon-tieu-phu-quoc copy" class="lazy" data-original="http://www.toptentravel.com.vn/wp-content/uploads/2015/10/vuon-tieu-phu-quoc-copy.jpg" src="http://www.toptentravel.com.vn/wp-content/uploads/2015/10/vuon-tieu-phu-quoc-copy.jpg" /></a></span></p>\r\n<p> <strong><em>HDV </em></strong>n khch ti <strong><em>Sn Bay Tn Sn Nht  Ga Ni a</em></strong>, lm th tc p chuyn bay i <strong><em>Ph Quc</em></strong>.</p>\r\n<p> n <strong><em>Ph Quc</em></strong>, xe v hng dn n du khch <a href="http://www.toptentravel.com.vn/tour-trong-nuoc/du-lich-phu-quoc"><em><strong>du lch Ph Quc</strong></em></a> ti sn bay <strong><em>Ph Quc</em></strong>, a on v khch sn gi hnh l, t do ngh ngi</p>\r\n<p><strong><u>11g30:</u></strong> a on i n tra vi c sn <strong><em>Ph Quc</em></strong>. V KS nhn phng</p>\r\n<p><strong><u>14g00:</u></strong> Xe v HDV n on i tham quan:</p>\r\n<ul>\r\n<li><strong><em>Vn tiu</em></strong> vi nhng nc tiu thng tp, xanh mn mn, ni ting chc ht, thm ngon</li>\r\n<li>Tham quan mua sm ti ch <strong><em>Dng ng</em></strong></li>\r\n<li><strong><em>Dinh Cu &amp; Dinh b Thy Long Thnh Mu</em></strong> nt vn ha tn ngng, ch da tinh thn ca ng dn trn o trc khi ra khi</li>\r\n<li><strong><em>Cha Hng Long</em></strong>, ngi cha tn ngng a phng, ta lc trn i cao, c th nhn thy ton cnh th trn, tham quan, cng Cha, cu an cho ngi thn.</li>\r\n</ul>\r\n<p><strong><u>18g30:</u></strong> n ti ti nh hng .</p>\r\n<ul>\r\n<li>Xe a Qu khch <a href="http://www.toptentravel.com.vn/tour-trong-nuoc/du-lich-phu-quoc"><em><strong>tour Ph Quc</strong></em></a> v khch sn, t do ngh ngi</li>\r\n</ul>\r\n<p>Trng hp khch c nhu cu tham quan Vinpearl Land s t i bng xe trung chuyn, t tc n ti ( b chng trnh tham quan city tour v b ba n ti)</p>\r\n<h2><strong>NGY</strong><strong> 02 : BI SAO  HM NINH HOC LN NGM SAN H </strong><strong>(</strong><strong>n 3 </strong><strong>b</strong><strong>a)</strong></h2>\r\n<p><a href="http://www.toptentravel.com.vn/wp-content/uploads/2015/10/bai-sao-phu-quoc-copy.jpg"><img alt="bai-sao-phu-quoc copy" height="362" class="lazy" data-original="http://www.toptentravel.com.vn/wp-content/uploads/2015/10/bai-sao-phu-quoc-copy.jpg" width="680" src="http://www.toptentravel.com.vn/wp-content/uploads/2015/10/bai-sao-phu-quoc-copy.jpg" /></a></p>\r\n<p><strong><em><u>Bui sng:</u></em></strong> Dng im tm sng ti Khch sn, sau  du khch tham quan:</p>\r\n<p><strong>La chn 1: K</strong><strong>hng cu c, ln ngm san h</strong></p>\r\n<p><strong><u>8g00:</u></strong> Xe a du khch tham quan:</p>\r\n<ul>\r\n<li>Tham quan <strong><em>C s nc mm Ph Quc</em></strong> vi cch  truyn thng co lich s hn 100 nm phat trin tai Phu Quc</li>\r\n<li><strong><em>Lng chi c Hm Ninh</em></strong> ni y ni ting vi ngh anh bt li ghe, ca nga, hai sm, hai rong bin, Qu khch c dp thng thc hi sn ti va nh bt vi gi gc</li>\r\n<li><strong><em>Sui Tranh</em></strong> (ch tham quan thng 6  thng 11), dng <strong><em>Sui</em></strong> p bt ngun t dy <strong><em>Hm Ninh</em></strong></li>\r\n<li><strong><em>C s  </em></strong><strong><em>ru vang Sim</em></strong>  mt loi ru c sn ti a phng, thng thc ru <strong><em>Sim</em></strong> rng min ph</li>\r\n<li>n tra ti nh hng , tip tc tham quan</li>\r\n<li><strong><em>C s nui cy ngc trai </em></strong>tm hiu v quy trnh nui trai ly ngc v t tay m c trai</li>\r\n<li><strong><em>Di tch lch s nh t Ph Quc</em></strong>  xem film t liu, cm nhn ni au ca cc chin s yu nc v sng vi nim t ho dn tc</li>\r\n<li><strong><em>n </em></strong><strong><em>Bi Sao</em></strong>  bi bin ct trng p nht <strong><em>Ph Quc</em></strong> t thng 2 n thng 10, trm mnh trong ln nc trong vt, mt ri</li>\r\n</ul>\r\n<p><strong><u>18g30:</u></strong> n ti ti nh hng.</p>\r\n<ul>\r\n<li>Xe a Qu khch <em><strong><a href="http://www.toptentravel.com.vn/tour-trong-nuoc/du-lich-phu-quoc">tour du lch Ph Quc</a></strong></em> v khch sn, trn ng v s gh <strong><em>ch m Dinh Cu</em></strong>, Qu khch t do do ch, sau  bch b v khch sn</li>\r\n</ul>\r\n<p><a href="http://www.toptentravel.com.vn/wp-content/uploads/2015/10/lan-ngam-tham-san-ho-copy.jpg"><img alt="lan-ngam-tham-san-ho copy" class="lazy" data-original="http://www.toptentravel.com.vn/wp-content/uploads/2015/10/lan-ngam-tham-san-ho-copy.jpg" src="http://www.toptentravel.com.vn/wp-content/uploads/2015/10/lan-ngam-tham-san-ho-copy.jpg" /></a></p>\r\n<p><strong>La chn 2: </strong><strong>cu c, ln ngm san h</strong></p>\r\n<p><strong><u>8g00: </u></strong>Xe a du khch tham quan:</p>\r\n<ul>\r\n<li><strong><em>C s nui cy ngc trai</em></strong> tm hiu v quy trnh nui trai ly ngc v t tay m c trai</li>\r\n<li>n cng <strong><em>An Thi</em></strong>, ln tu du lch n <strong><em>Hn Dm, Hn Da, Hn Ri</em></strong>neo tu, cu c theo cch truyn thng ca ng dn<strong><em>Ph Quc</em></strong>. Tu c trang b y  o phao, knh ln, ng th, chn vt Qu khch c th chim ngng h ng vt phong ph, rc r sc mu di y bin</li>\r\n<li>n tra trn tu</li>\r\n<li>Tu cp bn, Qu khch c a n <strong><em>Bi Sao</em></strong>  bi bin ct trng p nht <strong><em>Ph Quc</em></strong> t thng 2 n thng 10, trm mnh trong ln nc trong vt, mt ri</li>\r\n</ul>\r\n<p>Xe a Qu khch v khch sn ngh ngi</p>\r\n<p><strong><u>18g30:</u></strong> n ti ti nh hng.</p>\r\n<ul>\r\n<li>Xe a Qu khch v khch sn, trn ng v s gh <strong><em>ch m Dinh Cu</em></strong>, Qu khch t do do ch, sau  bch b v khch sn</li>\r\n</ul>\r\n<h2></h2>\r\n<h2><strong>NGY</strong><strong> 03: TM BIT PH QUC </strong><strong>(</strong><strong>n 1 ba)</strong></h2>\r\n<p><a href="http://www.toptentravel.com.vn/wp-content/uploads/2015/10/bien-phu-quoc-copy.jpg"><img alt="bien-phu-quoc copy" class="lazy" data-original="http://www.toptentravel.com.vn/wp-content/uploads/2015/10/bien-phu-quoc-copy.jpg" src="http://www.toptentravel.com.vn/wp-content/uploads/2015/10/bien-phu-quoc-copy.jpg" /></a></p>\r\n<p>Qu khch dng im tm, t do tm bin. Tr phng v tin sn bay, tm bit.</p>\r\n<p>V n <strong><em>TP H Ch Minh</em></strong>,</p>\r\n<p></p>\r\n<p><strong><u>GI BAO GM:</u></strong></p>\r\n<ul>\r\n<li>Xe i mi, my lnh, tivi, a n tham quan theo chng trnh ti Ph Quc.</li>\r\n<li>V my bay kh hi: <strong><em>SGN  PQC  SGN</em></strong>  bao gm 15kg hnh l k gi.</li>\r\n<li>Tu tham quan v cu c trn bin.</li>\r\n<li><strong>Lu tr: (Gi tour thay i ty theo ni lu tr, c bo khi t tour)</strong></li>\r\n</ul>\r\n<p><span><span><strong> Khch sn 02* : Bin Xanh, </strong><strong>Thy Long Phng</strong><strong>, Hng Ton.</strong></span></span></p>\r\n<p><span><span><strong> Khch sn 03* </strong><strong>: Lighthouse, t90</strong></span></span></p>\r\n<p><span><span><strong> Resort 03* : Thin Hi Sn, Thin Thanh</strong></span></span></p>\r\n<p><span><span><strong> Resort 04* : Blue Lagoon, Si Gn  Ph Quc</strong></span></span></p>\r\n<ul>\r\n<li>n theo chng trnh:</li>\r\n<li>02 ba sng.</li>\r\n<li>04 ba chnh cm phn  120.000 vn/xut.</li>\r\n<li>V vo cng cc im du lch trong tour.</li>\r\n<li>Hng dn vin thuyt minh phc v nhit tnh sut tuyn.</li>\r\n<li>Bo him du lch trn tour mc bi thng 20.000.000 vn/khch.</li>\r\n<li>Qa tng Nn du lch, nc ung, khn lnh.</li>\r\n</ul>\r\n<p><strong><u>GI TR EM</u></strong></p>\r\n<ul>\r\n<li> Di 5 tui: min ph (b m t lo v tham quan, chi ph n ngh nu c pht sinh, khng c mua bo him) + 100% v my bay</li>\r\n<li> T 5 n di 10 tui =  gi tour (1 ch ngi xe, 1 sut n, ng ghp chung b m) + 100% v my bay</li>\r\n<li> T 10 tui tr ln tnh bng gi ngi ln (1 ch ngi xe, 1 sut n, 1 sut ng)</li>\r\n<li> 2 ngi ln c km 1 tr em di 10 tui; quy nh cho tr em th 2  chung phng: ph thu 1 sut ging n</li>\r\n</ul>\r\n<p><strong><u>GI </u></strong><strong><u>CHA</u></strong><strong><u> BAO GM</u></strong></p>\r\n<ul>\r\n<li>Git i, in thoi, nc trong t lnh.</li>\r\n<li>Chi ph c nhn ngoi chng trnh.</li>\r\n<li>Tin tip cho t phc v nu c.</li>\r\n<li>V Vinpearl Land ( 500.000 )</li>\r\n<li>Thu VAT.</li>\r\n<li>Chi ph tm nc ngt v gh nm/vng  bi bin bi Sao, n ung ngoi chng trnh</li>\r\n</ul>\r\n<p><strong><u>DCH V CHN THM NGOI CHNG TRNH</u></strong></p>\r\n<ul>\r\n<li>Thu xe gn my: xe s 120.000 ng/ngy (8h), xe Tay ga 150.000ng/ngy (8h)</li>\r\n<li>Cu Mc: 190.000 ng/khch (Khi hnh 17h hng ngy)</li>\r\n<li>Chng trnh: ua ch a hnh + Tham quan bi tm vnh ng Lang 170.000 ng/khch</li>\r\n<li>Chng trnh tham quan Bc o + tm bin vnh ng Lang 250.000 ng/khch ( p dng on 5 khch tr ln)</li>\r\n</ul>\r\n<p><strong><u>GIY T TY THN v HNH L</u></strong></p>\r\n<ul>\r\n<li>Qu khch mang theo CMND hoc H chiu. i vi du khch Vit Kiu, Quc t nhp cnh Vit Nam bng visa ri, vui lng mang theo Visa khi ng k v i tour</li>\r\n<li>Tr em di 14 tui khi i tour phi mang theo Giy khai sinh hoc H chiu.</li>\r\n<li>Tr em t 14 tui tr ln phi mang theo CMND hoc H chiu ring.</li>\r\n<li>Khch ln tui (t 70 tui tr ln), khch tn tt tham gia tour, phi c nhn thn i km v cam kt m bo  sc khe khi tham gia tour du lch. Cng ty s khng chu bt k trch nhim no nu c s c xy ra v l do sc khe.</li>\r\n<li>Khch Vit Nam  cng phng vi khch Quc t hoc Vit Kiu yu cu phi c giy hn th.</li>\r\n<li>Tt c giy t ty thn mang theo phi u l bn chnh.</li>\r\n<li>Qu khch mang theo hnh l gn nh v phi t bo qun hnh l, t trang, tin bc trong sut thi gian i du lch.</li>\r\n</ul>\r\n<p><strong><u>TRNG HP HY V TOUR: NGY THNG</u></strong></p>\r\n<ul>\r\n<li>Qu khch chuyn i tour sang ngy khc v bo trc ngy khi hnh 7 ngy s khng mt ph, nu tr hn s p dng theo hnh thc bn di, mi khch c di tour hai (02) ln.</li>\r\n<li>Hy tour trc 7 ngy khi hnh: mt ph 10% tin tour</li>\r\n<li>Hy tour trc 5  7 ngy khi hnh: mt ph 30% tin tour</li>\r\n<li>Hy tour trc 2  4 ngy khi hnh: mt ph 50% tin tour</li>\r\n<li>Hy tour trong 24 gi khi hnh: mt ph 90% tin tour</li>\r\n<li>Sau khi hy tour, s tin hon li s c tr li cho Qu khch sau 7 ngy tnh theo ngy kt thc tour.</li>\r\n</ul>\r\n<p><strong><u>TRNG HP HY V TOUR: NGY L, TT</u></strong></p>\r\n<ul>\r\n<li>Qu khch chuyn i tour sang ngy khc v bo trc ngy khi hnh 15 ngy s khng mt ph, nu tr hn s p dng theo hnh thc bn di, mi khch c di tour mt (01) ln.</li>\r\n<li>Hy tour trc 15 ngy khi hnh: mt ph 10% tin tour</li>\r\n<li>Hy tour trc 8  14 ngy khi hnh: mt ph 50% tin tour</li>\r\n<li>Hy tour trc 2  7 ngy khi hnh: mt ph 75% tin tour</li>\r\n<li>Hy tour trong 48 gi khi hnh: mt ph 100% tin tour</li>\r\n</ul>\r\n<p><a href="http://www.dulichkhamphamoi.net/">http://www.dulichkhamphamoi.net/</a></p>	40	Tour Nc Ngoi	f	o Ngc Ph Quc c rt nhiu im tham quan, l thin ng ca nhng ai mun tm ri xa nhng lo toan, bn b ca cuc sng hng ngy. Ch vi 3 ngy 2 m, Du lch Khm Ph Mi s gip qu khch tri nghim nhng ngy ngh ngi tuyt vi nht ti Ph Quc.
6	\N	Tour du lch Cn o: V p bnh yn (2 Ngy | 1 m)	f	\N	0.0	\N	entrance_fees,food,guides,insurrance,transportation,hotel	Hng ngy	10.297643, 103.980716	Khch sn 3 sao	plane	2016-07-04 02:33:52.702238	2016-07-04 04:23:41.578176	con-dao.jpg	<h2 align="center">Chng Trnh Tour</h2>\r\n<h2><strong>Ngy 01: TP.HCM  CN O(n tra / n ti t tc)</strong></h2>\r\n<p><strong><em>Bui sng:</em></strong></p>\r\n<p>HDV Top Ten Travel n qu khch ti sn bay Tn Sn Nht lm th tc p chuyn bay i Cn o.</p>\r\n<p>n sn bay Cn o. a v th trn Cn Sn. Trn ng qua cc a danhlng C ng, Sui t, Mi Chim Chim, t Dc, L Vi Nhn phng</p>\r\n<p>Dng cm tra.</p>\r\n<p><em><strong>Bui chiu:</strong></em></p>\r\n<p><a href="http://www.toptentravel.com.vn/wp-content/uploads/2015/08/Cau-Tau-914.jpg"><img alt="Cu Tu 914." height="509" src="http://www.toptentravel.com.vn/wp-content/uploads/2015/08/Cau-Tau-914.jpg" title="Du lch Cn o" width="680" /></a></p>\r\n<p>Cu Tu 914.</p>\r\n<p>Tham quan:<br />* Dinh cha o<br />* Cu tu 914<br />* Di tch lch s Ph Hi<br />* Di tch lch s Chung Cp Php, Chung Cp M<br />* Ving NT Hng Dng<br />* Ving Miu B Phi Yn</p>\r\n<p><em><strong>Bui ti:</strong></em></p>\r\n<p>Qu khch t tc dng cm ti. T do khm ph Cn o v m. Ngh ngi.</p>\r\n<h2><strong>Ngy 02: CN O  SI GN( n sng )</strong></h2>\r\n<p>n sng ti khch sn.</p>\r\n<p>Xe v HDV a on tham quan : Bo tng Cn o, ving n tng nim C V Th Su.</p>\r\n<p> Vn cnh Ni Mt  ngm cnh Th Trn Cn o t trn cao. Ving Cha Vn Sn.</p>\r\n<p>Tham quan v mua sm ti Ch Cn o.</p>\r\n<p>Tr phng. Xe a qu khch ra sn bay tr v Tp.HCM.</p>\r\n<p>V n Tn Sn nht. Kt thc chuyn tham quan.</p>\r\n<ul>\r\n<li>Ghi ch : Th t cc im tham quan c th thay i nhng bo m y  cc im trong chng trnh.</li>\r\n<li><span>Khi hnh: Hng ngy</span></li>\r\n<li><strong>Ch nht n th 5</strong></li>\r\n<li><strong>iu kin : ng k trc ngy khi hnh 10 ngy</strong></li>\r\n<li><strong><u>Khch sn tiu chun:3.450.000 </u></strong></li>\r\n<li><strong><u>Lu :Nu khch mun  thm 1 m na vui lng + 500.000 / khch (bao gm tin phng + 1 ba sng + 1 ba chnh)<br />DCH V BAO GM</u></strong><strong>:</strong></li>\r\n</ul>\r\n<p> V my bay kh hi tuyn : SGN  VCS  SGN.</p>\r\n<p> Xe n tin sn bay Cn Sn v phc v theo chng trnh.<br /> 01 m ngh theo tiu chun ng k.</p>\r\n<p><strong> Cc ba n trong chng trnh.</strong></p>\r\n<p>+ 01 ba sng.</p>\r\n<p>+ 01 ba n chnh.</p>\r\n<p> Hng dn vin a phng ting Vit.<br /> Ph tham quan cc ni theo chng trnh.</p>\r\n<p> Bo him du lch: mc ti a 10.000.000 ng/1 trng hp.</p>\r\n<p><strong><u>KHNG BAO GM</u></strong><strong>:</strong></p>\r\n<p> Thu GTGT. Gi  phng n.<br /> Cc chi ph c nhn khc: in thoi, git i, thc ung ngoi chng trnh <br /> Tin tip trong chuyn i cho nhn vin phc v, hng dn vin, ti x.</p>\r\n<p><strong>THNG TIN CN BIT</strong></p>\r\n<p><em><strong><u>1/GI TOUR CHO TR EM</u></strong><strong>:</strong></em></p>\r\n<p> Tr em di 02 tui: 10% gi v my bay; min gi tour (cha m t lo cho b).<br /> Tr em di 05 tui: 75% gi v my bay; min gi tour (cha m t lo cho b).<br /> Tr em trn 05  di 12 tui: 75% gi v my bay; 50% gi tour, bao gm cc dch v n ung, gh ngi trn xe nhng b ng chung vi cha m, khng c ging ring.<br /> Tr em t 12 tui tr ln: 100% gi tour nh ngi ln.<br /> Khch i tour km theo 02 tr em di 05 tui tr ln: qu khch mua thm 1 v 50% gi tour (khng bao gm v my bay)  c tiu chun n ung, gh ngi trn xe, tham quan cho b.</p>\r\n<p><strong><em><u>2</u><u>/IU KIN HY DCH V</u>:</em></strong></p>\r\n<p><strong><u>Tour Du Lch (nh k, ngy thng)</u></strong><strong>:</strong><br />Sau khi xc nhn v thanh ton (t nht 50% tin cc gi ch v thanh ton 100% ti thiu 24 ting trc ngy khi hnh), nu:<br /> Sau khi t cc n 3 ngy trc ngy khi hnh: ph hy 10% tin tour<br /> Hy v 3-2 ngy trc ngy khi hnh: ph hy 20% tin tour<br /> Hy v 24 ting trc ngy khi hnh: ph hy 30% tin tour<br /> Hy v ngay trong ngy khi hnh: ph hy 50% tin tour. Trng hp qu khch n tr gi khi hnh c tnh l hy ngay trong ngy.<br />(Cc ngy trn ch tnh theo ngy lm vic t th 2 n th 6 hng tun).<br /><strong><u>Xut v hy V My Bay</u></strong><strong>:</strong>V my bay c xut ngay sau khi qu khch ng tin v c xc nhn s chnh xc v h, tn, ngy thng nm sinh  ca hnh khch theo yu cu ca hng vn chuyn. Mi s thay i lin quan n v  xut: ngy gi i, tn hnh khch, hy v, qu khch vui lng chu chi ph theo qui nh ca hng hng khng xut v.<br /><strong><u>Hy v xe la, tu thy</u></strong><strong>:</strong>p dng theo quy nh ca tng hng tu vn chuyn.<br /> Trong trng hp hy chuyn i v l do khch quan (thin tai, dch bnh) hay do hng khng, tu la, tu thy Ph Vin s hon li ton b nhng chi ph cha c s dng cho vic t chc dch v v khng bi thng thm bt k khon no khc.</p>\r\n<p><strong><u>LU :</u></strong></p>\r\n<p> Khi tham gia chng trnh tour, qu khch vui lng mang theo giy t ty thn (bn chnh i vi khch Vit Nam l CMND v Passport i vi Kiu bo &amp; ngoi quc). i vi khch Kiu bo &amp; ngoi quc nhp cnh bng visa ri, vui lng mang theo visa v t khai hi quan khi i du lch.<br /> Tr em (di 12 tui) khi i du lch, nu khng c cha hoc m i cng phi c giy y quyn ca cha m v c xc nhn ca cng an a phng. Vui lng mang theo giy khai sinh (bn chnh hoc sao y c th thc)  lm th tc hng khng v cc th tc hnh chnh khc.<br /> Qu khch c mt ti sn bay t nht 01 gi trc gi khi hnh v nn mang theo hnh l gn nh, khng qu cng knh.<br /> Mt s th t v chi tit trong chng trnh c th thay i  ph hp vi tnh hnh khch quan (thi tit, giao thng ).</p>\r\n<p>- See more at: http://www.toptentravel.com.vn/tour-du-lich-con-dao-ve-dep-binh-yen.html#sthash.6VIQQapA.dpuf</p>	33	Tour Trong Nc	f	Nhc n Cn o ngi ta ngh ngay n a ngc trn gian, ni  tng giam gi nhng chin s cch mng vi nhng khu giam cm kht ting nh chung b, chung cp, hm xay la; nhng a danh thm m mu o ca nhng ngi con yu nc: cu tu 914, ngha trang Hng Dng; ni Mi bc chn che lp mt cuc i, mi tng  l mt tri au kh nhng chng ti vn ng ngng trc mt Cn o p v bnh yn.
4	\N	Tour du lch Ph Quc  Thin ng rc nng	f	\N	6650000.0	\N	food,guides,insurrance,transportation,hotel	Hng ngy	10.297643, 103.980716	Khch sn 2 sao	car,trunk,plane	2016-07-04 01:57:59.648862	2016-07-04 06:47:39.562914	kinh-nghiem-du-lich-phu-quoc-bang-may-bay.jpg	<p><strong><span></span></strong><span style="color: #ffcc00;"><strong>NGY 1: PH QUC  KHM PH THIN NHIN</strong></span></p>\r\n<p>5g00: Xe n khch ti im hn khi hnh ra sn bay Tn Sn Nht i chuyn bay Si Gn  Ph Quc (Chuyn bay Vietjet 7g10-8g30 hoc chuyn bay Vietnam Airline 7g50  8g50)</p>\r\n<p>9g00 : Tt c thnh vin n v c mt ti sn bay Ph Quc. Xe a qu khch n sng v tham quan.</p>\r\n<p>C s  ru vang Sim  mt loi ru c sn ti a phng, thng thc ru Sim rng min ph</p>\r\n<p>Cha Hng Long, ngi cha tn ngng a phng, ta lc trn i cao, c th nhn thy ton cnh th trn, tham quan, cng Cha, cu an cho ngi thn.</p>\r\n<p>Lng chi c Hm Ninh ni y ni ting vi ngh anh bt li ghe, ca nga, hai sm, hai rong bin, Qu khch c dp thng thc hi sn ti va nh bt vi gi gc</p>\r\n<p><img alt="Tour du lch Ph Quc  Thin ng rc nng" class="lazy" data-original="http://dulichkhamphamoi.net:7787/mediaroot/media/userfiles/useruploads/7/image/Tour-Mien-Tay/cung-dulichkhamphamoi-kham-pha-phu-quoc1.jpg" src="http://dulichkhamphamoi.net:7787/mediaroot/media/userfiles/useruploads/7/image/Tour-Mien-Tay/cung-dulichkhamphamoi-kham-pha-phu-quoc1.jpg" style="display: block; margin-left: auto; margin-right: auto;" width="500" height="179" /></p>\r\n<p><img alt="Tour du lch Ph Quc  Thin ng rc nng" class="lazy" data-original="http://dulichkhamphamoi.net:7787/mediaroot/media/userfiles/useruploads/7/image/Tour-Mien-Tay/cung-dulichkhamphamoi-kham-pha-phu-quoc2.jpg" src="http://dulichkhamphamoi.net:7787/mediaroot/media/userfiles/useruploads/7/image/Tour-Mien-Tay/cung-dulichkhamphamoi-kham-pha-phu-quoc2.jpg" style="display: block; margin-left: auto; margin-right: auto;" /></p>\r\n<p><img alt="Tour du lch Ph Quc  Thin ng rc nng" class="lazy" data-original="http://dulichkhamphamoi.net:7787/mediaroot/media/userfiles/useruploads/7/image/Tour-Mien-Tay/cung-dulichkhamphamoi-kham-pha-phu-quoc3.jpg" src="http://dulichkhamphamoi.net:7787/mediaroot/media/userfiles/useruploads/7/image/Tour-Mien-Tay/cung-dulichkhamphamoi-kham-pha-phu-quoc3.jpg" style="display: block; margin-left: auto; margin-right: auto;" /></p>\r\n<p>Vn tiu vi nhng nc tiu thng tp, xanh mn mn, ni ting chc ht, thm ngon</p>\r\n<p>12g00: Qu khch di chuyn v Th Trn Dng ng v dng cm tra ti Nh Hng</p>\r\n<p>13g30: Xe a on v khch sn nhn phng v t do ngh ngi tm bin.</p>\r\n<p>18g00: Bui ti qu khch dng cm ti ti nh hng v t do khm ph Ph Quc v m.</p>\r\n<p><span style="color: #ffcc00;"><strong>NGY 2: THAM QUAN NAM O (n 3 ba)</strong></span></p>\r\n<p>Bui sng: Dng im tm sng vi mn c sn Ph Quc (bnh canh ch c).Xe a on tham quan : C s nui cy ngc trai Ngc Hin (lin doanh Vit Nht) hoc Quc An  mt trong hai c s ngc trai ln nht Ph Quc, tm hiu v quy trnh nui trai ly ngc v t tay m c trai th vn may. Di tch lch s nh t Ph Quc, xem film t liu v nhng hnh nh bit ni, cm nhn ni au ca cc chin s yu nc v sng vi nim t ho dn tc</p>\r\n<p>Bi Sao - bi bin ct trng p nht Ph Quc, Qu khch ln tu ra bin cng tham quan chng trnh cu c v ngm san h. Bui tra qu khch dng cm tra trn tu theo phong cch ca c dn min bin.</p>\r\n<p><img alt="Tour du lch Ph Quc  Thin ng rc nng" class="lazy" data-original="http://dulichkhamphamoi.net:7787/mediaroot/media/userfiles/useruploads/7/image/Tour-Mien-Tay/chuyen-tour-du-lich-phu-quoc-khamphamoi.jpg" src="http://dulichkhamphamoi.net:7787/mediaroot/media/userfiles/useruploads/7/image/Tour-Mien-Tay/chuyen-tour-du-lich-phu-quoc-khamphamoi.jpg" style="display: block; margin-left: auto; margin-right: auto;" /></p>\r\n<p><img alt="Tour du lch Ph Quc  Thin ng rc nng" class="lazy" data-original="http://dulichkhamphamoi.net:7787/mediaroot/media/userfiles/useruploads/7/image/Tour-Mien-Tay/chuyen-tour-du-lich-phu-quoc-khamphamoi2.jpg" src="http://dulichkhamphamoi.net:7787/mediaroot/media/userfiles/useruploads/7/image/Tour-Mien-Tay/chuyen-tour-du-lich-phu-quoc-khamphamoi2.jpg" style="display: block; margin-left: auto; margin-right: auto;" width="499" height="157" /></p>\r\n<p>14g00: Quay tr v t lin v t do tm bin</p>\r\n<p>16g00: Di chuyn v th trn Dng ng v tham quan cc C s nc mm Ph Quc Khi Hon/Thnh Pht vi cch  truyn thng co lich s hn 100 nm phat trin tai Phu Quc.</p>\r\n<p>Tham quan mua sm ti ch Dng ng.</p>\r\n<p>Dinh Cu nt vn ha tn ngng, ch da tinh thn ca ng dn trn trn o trc khi ra khi , ngm hong hn trn bin.</p>\r\n<p><img alt="Tour du lch Ph Quc  Thin ng rc nng" class="lazy" data-original="http://dulichkhamphamoi.net:7787/mediaroot/media/userfiles/useruploads/7/image/Tour-Mien-Tay/tour-mientay-phuquoc-dulichkhamphamoi13.jpg" src="http://dulichkhamphamoi.net:7787/mediaroot/media/userfiles/useruploads/7/image/Tour-Mien-Tay/tour-mientay-phuquoc-dulichkhamphamoi13.jpg" style="display: block; margin-left: auto; margin-right: auto;" width="484" height="172" /></p>\r\n<p>18g00: Dng cm ti ti nh hng</p>\r\n<p>Qu khch tr v khch sn v t do ngh ngi</p>\r\n<p><strong>NGY 3 : KHM PH VN TH SAFARI V VINPEARL LAND:</strong></p>\r\n<p>Bui sng: Dng im tm sng vi mn c sn Ph Quc (bnh canh ch c).</p>\r\n<p>Xe a on n SAFARI Vn Th Hoang D Safari Vinpearland. tham quan khm ph Vn Th Hoang D u tin ti Vit Nam  Vinpearl Safari Ph Quc vi quy m 180ha, vi hn 130 loi ng vt qu him v cc chng trnh.<br />Biu din ng vt, Chp nh vi ng vt, Khm ph v tri nghim Vn th m trong rng t nhin, gn gi v thn thin vi con ngi. iu c bit dnh cho du khch trong nm 2016 khi n vi Ph Quc  l Cng vin Chm sc v Bo tn ng vt Vinpearl Safari ti Gnh Du s hu b su tp ng vt ln cha tng c ti Vit nam va c chnh thc khai trng vi quy m honh trng. Gi y, du khch khng cn phi i tht xa mi c th tn mt ngm nhn nhng loi th qu him thng ch thy trong chng trnh th gii ng vt nh: H Bengal, vn co trng en, hng hc, vt  cnh xanh, t gic, hu cao c, b rng, rng t, trn Hong gia</p>\r\n<p><img alt="Tour du lch Ph Quc  Thin ng rc nng" class="lazy" data-original="http://dulichkhamphamoi.net:7787/mediaroot/media/userfiles/useruploads/7/image/Tour-Mien-Tay/chuyen-tour-du-lich-phu-quoc-khamphamoi4.jpg" src="http://dulichkhamphamoi.net:7787/mediaroot/media/userfiles/useruploads/7/image/Tour-Mien-Tay/chuyen-tour-du-lich-phu-quoc-khamphamoi4.jpg" style="display: block; margin-left: auto; margin-right: auto;" /></p>\r\n<p style="text-align: center;"><img alt="Tour du lch Ph Quc  Thin ng rc nng" class="lazy" data-original="http://dulichkhamphamoi.net:7787/mediaroot/media/userfiles/useruploads/7/image/Tour-Mien-Tay/chuyen-tour-du-lich-phu-quoc-khamphamoi5.jpg" src="http://dulichkhamphamoi.net:7787/mediaroot/media/userfiles/useruploads/7/image/Tour-Mien-Tay/chuyen-tour-du-lich-phu-quoc-khamphamoi5.jpg" /></p>\r\n<p><img alt="Tour du lch Ph Quc  Thin ng rc nng" class="lazy" data-original="http://dulichkhamphamoi.net:7787/mediaroot/media/userfiles/useruploads/7/image/Tour-Mien-Tay/chuyen-tour-du-lich-phu-quoc-khamphamoi6.jpg" src="http://dulichkhamphamoi.net:7787/mediaroot/media/userfiles/useruploads/7/image/Tour-Mien-Tay/chuyen-tour-du-lich-phu-quoc-khamphamoi6.jpg" style="display: block; margin-left: auto; margin-right: auto;" /></p>\r\n<p>Khng ch dng li  ngm nhn, du khch cn c th tn tay cho chng n, s vo u nhng con vt hin lnh, mn khch, hay tn mt xem nhng iu ma ni rng hoang d ca th dn Nam Phi c lng vo trong chuyn tham quan s khin du khch v cng thch th, ng ngng, khng th tin c rng mnh ang  trong mt cng vin trn o ngc ny. Trong khun kh Safari cn c nhng khu cch ly, kim dch v bnh vin th y ln nht Khu vc ng Nam  hay khu du lch, mua sm nhng mn qu lu nim c bit cho khch du lch. Ti y, cc nh hng, khu n ung cng  c a vo hot ng vi cc mn c sn vng bin ti ngon, ch bin theo phong cch mi chc chn s khin du khch hi lng vi mt chuyn hnh trnh y tri nghim v cnh sc thin nhin, ng thc vt qu him, con ngi nim n v nhng mn n ti ngon. Khng ch gip du khch tham quan, khm ph m cn gip cc em nh c c hi hc hi v tm hiu thin nhin hoang d mt cch trc quan, th v nht. n tra trn Vinpearl land.</p>\r\n<p>Sau  xe a on khm ph Th Gii Gii Tr VINPEARLAND PH QUC ni c v nh mt "Disneyland" vi hng trm tr chi trong nh v ngoi tri dnh cho mi la tui nh:</p>\r\n<p>Tr chi trong khu vui chi trong nh: xe in ng; ua xe, bn sng, nhy theo nhc.</p>\r\n<p>Tr chi cm gic mnh: tu ln siu tc, u quay dy vng, ci xay gi, a bay</p>\r\n<p>Thy cung Vinpearl: khm ph th gii b n ca i dng v ha mnh vo th gii ca nhng sinh vt t nhin c o nh c mp, chim cnh ct Gentoo ln u tin c mt ti Vit Nam</p>\r\n<p>Chng trnh nng tin c: khm ph b n ca th gii nc di lng i dng v tn hng nhng khonh khc th v cng nhng Nng tin c ca th gii c tch</p>\r\n<p>Rp chiu phim 5D, cng vin nc, biu din nhc nc. S kt hp hon m ca sc mu nh sng, chuyn ng ca nc, m nhc li cun v nhng hiu ng k o s mang n cho du khch nhng giy pht tht s kh qun<br />n ti ti Vinpearl land, sau  xem chng trnh Nhc Nc ti Vinpearl</p>\r\n<p><strong>NGY 4: TM BIT PH QUC (n sng)</strong></p>\r\n<p>6g00: Qu khch lm th tc tr phng v dng im tm sng,</p>\r\n<p>7g00: Xe a qu khch tr li sn bay Ph Quc p chuyn my bay lc 8g40 v li Si Gn. Chia tay on ti sn bay</p>\r\n<p><span><strong>GI TOUR: (Gi tour  bao gm v my bay)<br />Khch sn 2 sao : 6.650.000/KHCH<br />Khch sn 3 sao : 7.650.000/khch</strong></span></p>\r\n<p><u><strong>GI TOUR BAO GM:</strong></u><br />- Xe vn chuyn my lnh sut chng trnh<br />- Cc ba n theo chng trnh:<br />- Khch sn y  tin nghi<br />- Ph tham quan theo chng trnh, cu c trn tu, gh d.<br />- Bo him du lch: mc ti a 20.000.000 ng/1 trng hp.<br />- V my bay TP. HCM Ph Quc kh<br />- V Vinpearl v Safari</p>\r\n<p><u><strong>GI TOUR KHNG BAO GM:</strong></u><br />- Thu GTGT.<br />- Gi  phng n. Cc chi ph c nhn khc: in thoi, git i, thc ung ngoi chng trnh <br />- Tin tip trong chuyn i cho nhn vin phc v, hng dn vin, ti x.</p>	30	Tour Trong Nc	f	c mnh danh l o Ngc, Ph Quc cnhng bi bin nc xanh trong vt nh Bi Sao v Bi Di, Ph Quc thc s l thin ng cho nhng ngi yu bin. Hy cng Du lch Khm Ph Mi, n v tri nghim nhng ngy tuyt vi  thin ng rc nng ny.
\.


--
-- Name: tours_id_seq; Type: SEQUENCE SET; Schema: public; Owner: nguyenngocson0811
--

SELECT pg_catalog.setval('tours_id_seq', 6, true);


--
-- Data for Name: user_groups; Type: TABLE DATA; Schema: public; Owner: nguyenngocson0811
--

COPY user_groups (id, name, permission, created_at, updated_at) FROM stdin;
3	User	{"Product":{"read":["yes"],"create":["yes"],"update":["yes","own","not_approved"],"delete":["yes","own","not_approved"],"approve":["no"]},"Category":{"read":["yes"],"create":["no"],"update":["no"],"delete":["no"]},"Manufacturer":{"read":["yes"],"create":["no"],"update":["no"],"delete":["no"]},"Area":{"read":["yes"],"create":["no"],"update":["no"],"delete":["no"]},"ArticleCategory":{"read":["yes"],"create":["no"],"update":["no"],"delete":["no"]},"Article":{"read":["yes"],"create":["yes"],"update":["yes","own","not_approved"],"delete":["yes","own","not_approved"]},"CodeStatus":{"read":["yes"],"create":["no"],"update":["no"],"delete":["no"]},"Slideshow":{"read":["no"],"create":["no"],"update":["no"],"delete":["no"]},"Order":{"read":["no"],"update":["no"],"delete":["no"]},"DeliveryMethod":{"read":["yes"],"create":["no"],"update":["no"],"delete":["no"]},"PaymentMethod":{"read":["yes"],"create":["no"],"update":["no"],"delete":["no"]},"Comment":{"read":["yes"],"delete":["no"]},"Question":{"read":["yes"],"create":["no"],"update":["no"],"delete":["no"]},"CommentArticle":{"read":["yes"],"delete":["no"]},"Voucher":{"read":["yes"],"create":["no"],"update":["no"],"delete":["no"]},"Coupon":{"read":["yes"],"create":["no"],"update":["no"],"delete":["no"]},"Customer":{"read":["no"],"create":["no"],"update":["no"],"delete":["no"]},"User":{"read":["no"],"create":["no"],"update":["no"],"delete":["no"]},"UserGroup":{"read":["no"],"create":["no"],"update":["no"],"delete":["no"]},"Company":{"read":["no"],"create":["no"],"update":["no"],"delete":["no"]},"Setting":{"read":["no"],"create":["no"],"update":["no"],"delete":["no"]}}	2016-06-02 02:34:04.769906	2016-06-02 07:53:22.432409
4	Manager	{"Product":{"read":["yes"],"create":["yes"],"update":["yes"],"delete":["yes"],"approve":["no"]},"Category":{"read":["yes"],"create":["yes"],"update":["yes"],"delete":["no"]},"Manufacturer":{"read":["yes"],"create":["yes"],"update":["yes"],"delete":["no"]},"Area":{"read":["yes"],"create":["no"],"update":["no"],"delete":["no"]},"ArticleCategory":{"read":["yes"],"create":["no"],"update":["yes"],"delete":["no"]},"Article":{"read":["yes"],"create":["yes"],"update":["yes","not_approved"],"delete":["yes","not_approved"]},"CodeStatus":{"read":["yes"],"create":["yes"],"update":["yes"],"delete":["no"]},"Slideshow":{"read":["yes"],"create":["yes"],"update":["yes"],"delete":["no"]},"Order":{"read":["yes"],"update":["no"],"delete":["no"]},"DeliveryMethod":{"read":["yes"],"create":["yes"],"update":["yes"],"delete":["no"]},"PaymentMethod":{"read":["yes"],"create":["yes"],"update":["yes"],"delete":["no"]},"Comment":{"read":["yes"],"delete":["yes"]},"Question":{"read":["yes"],"create":["yes"],"update":["yes"],"delete":["yes"]},"CommentArticle":{"read":["yes"],"delete":["yes"]},"Voucher":{"read":["yes"],"create":["yes"],"update":["yes"],"delete":["no"]},"Coupon":{"read":["yes"],"create":["yes"],"update":["yes"],"delete":["no"]},"Customer":{"read":["yes"],"create":["no"],"update":["no"],"delete":["no"]},"User":{"read":["no"],"create":["no"],"update":["no"],"delete":["no"]},"UserGroup":{"read":["no"],"create":["no"],"update":["no"],"delete":["no"]},"Company":{"read":["no"],"create":["no"],"update":["no"],"delete":["no"]},"Setting":{"read":["no"],"create":["no"],"update":["no"],"delete":["no"]}}	2016-06-02 12:01:37.513406	2016-06-02 12:02:37.051257
5	Admin	{"Product":{"read":["yes"],"create":["yes"],"update":["yes"],"delete":["yes"],"approve":["yes"]},"Category":{"read":["yes"],"create":["yes"],"update":["yes"],"delete":["yes"]},"Manufacturer":{"read":["yes"],"create":["yes"],"update":["yes"],"delete":["yes"]},"Area":{"read":["yes"],"create":["no"],"update":["no"],"delete":["no"]},"ArticleCategory":{"read":["yes"],"create":["yes"],"update":["yes"],"delete":["yes"]},"Article":{"read":["yes"],"create":["yes"],"update":["yes"],"delete":["yes"],"approve":["yes"]},"CodeStatus":{"read":["yes"],"create":["yes"],"update":["yes"],"delete":["yes"]},"Slideshow":{"read":["yes"],"create":["yes"],"update":["yes"],"delete":["yes"]},"Order":{"read":["yes"],"update":["yes"],"delete":["yes"]},"DeliveryMethod":{"read":["yes"],"create":["yes"],"update":["yes"],"delete":["yes"]},"PaymentMethod":{"read":["yes"],"create":["yes"],"update":["yes"],"delete":["yes"]},"Comment":{"read":["yes"],"delete":["yes"]},"Question":{"read":["yes"],"delete":["yes"]},"Testimonial":{"read":["no"],"delete":["no"]},"CommentArticle":{"read":["yes"],"delete":["yes"]},"Voucher":{"read":["yes"],"create":["yes"],"update":["yes"],"delete":["yes"]},"Coupon":{"read":["yes"],"create":["yes"],"update":["yes"],"delete":["yes"]},"Customer":{"read":["yes"],"create":["yes"],"update":["yes"],"delete":["yes"]},"Contact":{"read":["yes"],"delete":["yes"]},"Newsletter":{"read":["yes"],"delete":["yes"]},"User":{"read":["yes"],"create":["yes"],"update":["yes"],"delete":["yes"]},"UserGroup":{"read":["yes"],"create":["yes"],"update":["yes"],"delete":["yes"]},"Company":{"read":["yes"],"create":["yes"],"update":["yes"],"delete":["yes"]},"Option":{"read":["yes"],"create":["yes"],"update":["yes"],"delete":["yes"]}}	2016-06-02 12:05:11.358214	2016-06-30 03:10:48.386214
\.


--
-- Name: user_groups_id_seq; Type: SEQUENCE SET; Schema: public; Owner: nguyenngocson0811
--

SELECT pg_catalog.setval('user_groups_id_seq', 5, true);


--
-- Data for Name: users; Type: TABLE DATA; Schema: public; Owner: nguyenngocson0811
--

COPY users (id, email, encrypted_password, reset_password_token, reset_password_sent_at, remember_created_at, sign_in_count, current_sign_in_at, last_sign_in_at, current_sign_in_ip, last_sign_in_ip, created_at, updated_at, first_name, last_name, phone, fax, company, address_1, address_2, zip_code, country, province, city, provider, uid, password_reset_token, password_reset_sent_at, oauth_token, oauth_expires_at, last_seen, is_admin, area_id, role, user_group_id) FROM stdin;
4	admin@dacsanvungmien.net	$2a$10$GOXzUqZMI2GTozTk2PIPiOsSYDMN8cyfJHPKRL0zyGk6KSJ7AohHu	\N	\N	\N	11	2016-06-02 12:02:03.882375	2016-06-02 11:57:10.457415	192.168.126.1	192.168.126.1	2016-05-05 01:57:10.767165	2016-06-02 12:02:03.884997	c sn	vng min	(84) 08.66886622	\N	CNG TY C PHN U T V THNG MI - FBMN	444/4 Cch Mng Thng 8, Phng 11, Qun 3	Block B R.606 - Indochina Park Tower, 04 Nguyn nh Chiu, Qun 1	\N	Vit Nam	3	\N	\N	\N	\N	\N	\N	\N	2016-06-02 12:05:28.981276	t	\N	user	4
12	admin@hoangkhang.com.vn	$2a$11$qGgsnemigVab7I9rbLovUOBOCr816vguym5GBIkVGu12L8tyH7kTK	\N	\N	\N	44	2016-07-06 07:45:56.4179	2016-07-06 01:20:14.027664	192.168.126.1	192.168.126.1	2016-05-18 17:07:11.030921	2016-07-06 09:40:36.426848	Qun tr	vin	01644046123	\N		G vp		\N	Vit Nam	3	\N	\N	\N	\N	\N	\N	\N	2016-07-06 09:40:36.421791	t	44	admin	5
5	hungnt@hoangkhang.com.vn	$2a$10$ig4hwuqaYzM8w27a/vLXR.pCB2uI2yUyVN39XqyTxFGSz/.bJEtba	\N	\N	\N	15	2016-06-30 01:12:52.922204	2016-06-29 16:51:46.402239	192.168.126.1	192.168.126.1	2016-05-05 03:41:47.076628	2016-06-30 01:51:35.259273	Nguyn Tn	Hng	0963238714	\N		48/8 Ung Vn Khim, P. 25, Q. Bnh Thnh		\N	Vit Nam	3	\N	\N	\N	\N	\N	\N	\N	2016-06-30 01:51:35.253405	t	\N	admin	5
\.


--
-- Name: users_id_seq; Type: SEQUENCE SET; Schema: public; Owner: nguyenngocson0811
--

SELECT pg_catalog.setval('users_id_seq', 16, true);


--
-- Data for Name: vouchers; Type: TABLE DATA; Schema: public; Owner: nguyenngocson0811
--

COPY vouchers (id, name, code, from_date, to_date, description, quantity, created_at, updated_at, price) FROM stdin;
\.


--
-- Name: vouchers_id_seq; Type: SEQUENCE SET; Schema: public; Owner: nguyenngocson0811
--

SELECT pg_catalog.setval('vouchers_id_seq', 1, false);


--
-- Data for Name: wish_lists; Type: TABLE DATA; Schema: public; Owner: nguyenngocson0811
--

COPY wish_lists (id, product_id, user_id, created_at, updated_at) FROM stdin;
\.


--
-- Name: wish_lists_id_seq; Type: SEQUENCE SET; Schema: public; Owner: nguyenngocson0811
--

SELECT pg_catalog.setval('wish_lists_id_seq', 1, false);


--
-- Name: areas_articles_pkey; Type: CONSTRAINT; Schema: public; Owner: nguyenngocson0811
--

ALTER TABLE ONLY areas_articles
    ADD CONSTRAINT areas_articles_pkey PRIMARY KEY (id);


--
-- Name: areas_pkey; Type: CONSTRAINT; Schema: public; Owner: nguyenngocson0811
--

ALTER TABLE ONLY areas
    ADD CONSTRAINT areas_pkey PRIMARY KEY (id);


--
-- Name: areas_products_pkey; Type: CONSTRAINT; Schema: public; Owner: nguyenngocson0811
--

ALTER TABLE ONLY areas_products
    ADD CONSTRAINT areas_products_pkey PRIMARY KEY (id);


--
-- Name: article_categories_articles_pkey; Type: CONSTRAINT; Schema: public; Owner: nguyenngocson0811
--

ALTER TABLE ONLY article_categories_articles
    ADD CONSTRAINT article_categories_articles_pkey PRIMARY KEY (id);


--
-- Name: article_categories_pkey; Type: CONSTRAINT; Schema: public; Owner: nguyenngocson0811
--

ALTER TABLE ONLY article_categories
    ADD CONSTRAINT article_categories_pkey PRIMARY KEY (id);


--
-- Name: articles_pkey; Type: CONSTRAINT; Schema: public; Owner: nguyenngocson0811
--

ALTER TABLE ONLY articles
    ADD CONSTRAINT articles_pkey PRIMARY KEY (id);


--
-- Name: articles_products_pkey; Type: CONSTRAINT; Schema: public; Owner: nguyenngocson0811
--

ALTER TABLE ONLY articles_products
    ADD CONSTRAINT articles_products_pkey PRIMARY KEY (id);


--
-- Name: booking_cars_pkey; Type: CONSTRAINT; Schema: public; Owner: nguyenngocson0811
--

ALTER TABLE ONLY booking_cars
    ADD CONSTRAINT booking_cars_pkey PRIMARY KEY (id);


--
-- Name: booking_hotels_pkey; Type: CONSTRAINT; Schema: public; Owner: nguyenngocson0811
--

ALTER TABLE ONLY booking_hotels
    ADD CONSTRAINT booking_hotels_pkey PRIMARY KEY (id);


--
-- Name: cars_pkey; Type: CONSTRAINT; Schema: public; Owner: nguyenngocson0811
--

ALTER TABLE ONLY cars
    ADD CONSTRAINT cars_pkey PRIMARY KEY (id);


--
-- Name: carts_pkey; Type: CONSTRAINT; Schema: public; Owner: nguyenngocson0811
--

ALTER TABLE ONLY carts
    ADD CONSTRAINT carts_pkey PRIMARY KEY (id);


--
-- Name: categories_pkey; Type: CONSTRAINT; Schema: public; Owner: nguyenngocson0811
--

ALTER TABLE ONLY categories
    ADD CONSTRAINT categories_pkey PRIMARY KEY (id);


--
-- Name: categories_products_pkey; Type: CONSTRAINT; Schema: public; Owner: nguyenngocson0811
--

ALTER TABLE ONLY categories_products
    ADD CONSTRAINT categories_products_pkey PRIMARY KEY (id);


--
-- Name: code_statuses_pkey; Type: CONSTRAINT; Schema: public; Owner: nguyenngocson0811
--

ALTER TABLE ONLY code_statuses
    ADD CONSTRAINT code_statuses_pkey PRIMARY KEY (id);


--
-- Name: comment_articles_pkey; Type: CONSTRAINT; Schema: public; Owner: nguyenngocson0811
--

ALTER TABLE ONLY comment_articles
    ADD CONSTRAINT comment_articles_pkey PRIMARY KEY (id);


--
-- Name: comments_pkey; Type: CONSTRAINT; Schema: public; Owner: nguyenngocson0811
--

ALTER TABLE ONLY comments
    ADD CONSTRAINT comments_pkey PRIMARY KEY (id);


--
-- Name: companies_pkey; Type: CONSTRAINT; Schema: public; Owner: nguyenngocson0811
--

ALTER TABLE ONLY companies
    ADD CONSTRAINT companies_pkey PRIMARY KEY (id);


--
-- Name: compares_pkey; Type: CONSTRAINT; Schema: public; Owner: nguyenngocson0811
--

ALTER TABLE ONLY compares
    ADD CONSTRAINT compares_pkey PRIMARY KEY (id);


--
-- Name: contacts_pkey; Type: CONSTRAINT; Schema: public; Owner: nguyenngocson0811
--

ALTER TABLE ONLY contacts
    ADD CONSTRAINT contacts_pkey PRIMARY KEY (id);


--
-- Name: conversations_pkey; Type: CONSTRAINT; Schema: public; Owner: nguyenngocson0811
--

ALTER TABLE ONLY conversations
    ADD CONSTRAINT conversations_pkey PRIMARY KEY (id);


--
-- Name: coupons_pkey; Type: CONSTRAINT; Schema: public; Owner: nguyenngocson0811
--

ALTER TABLE ONLY coupons
    ADD CONSTRAINT coupons_pkey PRIMARY KEY (id);


--
-- Name: customers_pkey; Type: CONSTRAINT; Schema: public; Owner: nguyenngocson0811
--

ALTER TABLE ONLY customers
    ADD CONSTRAINT customers_pkey PRIMARY KEY (id);


--
-- Name: delivery_methods_pkey; Type: CONSTRAINT; Schema: public; Owner: nguyenngocson0811
--

ALTER TABLE ONLY delivery_methods
    ADD CONSTRAINT delivery_methods_pkey PRIMARY KEY (id);


--
-- Name: feedbacks_pkey; Type: CONSTRAINT; Schema: public; Owner: nguyenngocson0811
--

ALTER TABLE ONLY feedbacks
    ADD CONSTRAINT feedbacks_pkey PRIMARY KEY (id);


--
-- Name: hotel_images_pkey; Type: CONSTRAINT; Schema: public; Owner: nguyenngocson0811
--

ALTER TABLE ONLY hotel_images
    ADD CONSTRAINT hotel_images_pkey PRIMARY KEY (id);


--
-- Name: hotel_rooms_pkey; Type: CONSTRAINT; Schema: public; Owner: nguyenngocson0811
--

ALTER TABLE ONLY hotel_rooms
    ADD CONSTRAINT hotel_rooms_pkey PRIMARY KEY (id);


--
-- Name: hotels_pkey; Type: CONSTRAINT; Schema: public; Owner: nguyenngocson0811
--

ALTER TABLE ONLY hotels
    ADD CONSTRAINT hotels_pkey PRIMARY KEY (id);


--
-- Name: line_item_compares_pkey; Type: CONSTRAINT; Schema: public; Owner: nguyenngocson0811
--

ALTER TABLE ONLY line_item_compares
    ADD CONSTRAINT line_item_compares_pkey PRIMARY KEY (id);


--
-- Name: line_items_pkey; Type: CONSTRAINT; Schema: public; Owner: nguyenngocson0811
--

ALTER TABLE ONLY line_items
    ADD CONSTRAINT line_items_pkey PRIMARY KEY (id);


--
-- Name: manufacturers_pkey; Type: CONSTRAINT; Schema: public; Owner: nguyenngocson0811
--

ALTER TABLE ONLY manufacturers
    ADD CONSTRAINT manufacturers_pkey PRIMARY KEY (id);


--
-- Name: messages_pkey; Type: CONSTRAINT; Schema: public; Owner: nguyenngocson0811
--

ALTER TABLE ONLY messages
    ADD CONSTRAINT messages_pkey PRIMARY KEY (id);


--
-- Name: newsletters_pkey; Type: CONSTRAINT; Schema: public; Owner: nguyenngocson0811
--

ALTER TABLE ONLY newsletters
    ADD CONSTRAINT newsletters_pkey PRIMARY KEY (id);


--
-- Name: options_pkey; Type: CONSTRAINT; Schema: public; Owner: nguyenngocson0811
--

ALTER TABLE ONLY options
    ADD CONSTRAINT options_pkey PRIMARY KEY (id);


--
-- Name: order_deliveries_pkey; Type: CONSTRAINT; Schema: public; Owner: nguyenngocson0811
--

ALTER TABLE ONLY order_deliveries
    ADD CONSTRAINT order_deliveries_pkey PRIMARY KEY (id);


--
-- Name: order_details_pkey; Type: CONSTRAINT; Schema: public; Owner: nguyenngocson0811
--

ALTER TABLE ONLY order_details
    ADD CONSTRAINT order_details_pkey PRIMARY KEY (id);


--
-- Name: orders_pkey; Type: CONSTRAINT; Schema: public; Owner: nguyenngocson0811
--

ALTER TABLE ONLY orders
    ADD CONSTRAINT orders_pkey PRIMARY KEY (id);


--
-- Name: parent_article_categories_pkey; Type: CONSTRAINT; Schema: public; Owner: nguyenngocson0811
--

ALTER TABLE ONLY parent_article_categories
    ADD CONSTRAINT parent_article_categories_pkey PRIMARY KEY (id);


--
-- Name: parent_categories_pkey; Type: CONSTRAINT; Schema: public; Owner: nguyenngocson0811
--

ALTER TABLE ONLY parent_categories
    ADD CONSTRAINT parent_categories_pkey PRIMARY KEY (id);


--
-- Name: payment_methods_pkey; Type: CONSTRAINT; Schema: public; Owner: nguyenngocson0811
--

ALTER TABLE ONLY payment_methods
    ADD CONSTRAINT payment_methods_pkey PRIMARY KEY (id);


--
-- Name: product_images_pkey; Type: CONSTRAINT; Schema: public; Owner: nguyenngocson0811
--

ALTER TABLE ONLY product_images
    ADD CONSTRAINT product_images_pkey PRIMARY KEY (id);


--
-- Name: products_pkey; Type: CONSTRAINT; Schema: public; Owner: nguyenngocson0811
--

ALTER TABLE ONLY products
    ADD CONSTRAINT products_pkey PRIMARY KEY (id);


--
-- Name: program_languages_pkey; Type: CONSTRAINT; Schema: public; Owner: nguyenngocson0811
--

ALTER TABLE ONLY program_languages
    ADD CONSTRAINT program_languages_pkey PRIMARY KEY (id);


--
-- Name: program_languages_projects_pkey; Type: CONSTRAINT; Schema: public; Owner: nguyenngocson0811
--

ALTER TABLE ONLY program_languages_projects
    ADD CONSTRAINT program_languages_projects_pkey PRIMARY KEY (id);


--
-- Name: project_categories_pkey; Type: CONSTRAINT; Schema: public; Owner: nguyenngocson0811
--

ALTER TABLE ONLY project_categories
    ADD CONSTRAINT project_categories_pkey PRIMARY KEY (id);


--
-- Name: project_categories_projects_pkey; Type: CONSTRAINT; Schema: public; Owner: nguyenngocson0811
--

ALTER TABLE ONLY project_categories_projects
    ADD CONSTRAINT project_categories_projects_pkey PRIMARY KEY (id);


--
-- Name: project_images_pkey; Type: CONSTRAINT; Schema: public; Owner: nguyenngocson0811
--

ALTER TABLE ONLY project_images
    ADD CONSTRAINT project_images_pkey PRIMARY KEY (id);


--
-- Name: projects_pkey; Type: CONSTRAINT; Schema: public; Owner: nguyenngocson0811
--

ALTER TABLE ONLY projects
    ADD CONSTRAINT projects_pkey PRIMARY KEY (id);


--
-- Name: questions_pkey; Type: CONSTRAINT; Schema: public; Owner: nguyenngocson0811
--

ALTER TABLE ONLY questions
    ADD CONSTRAINT questions_pkey PRIMARY KEY (id);


--
-- Name: slideshows_pkey; Type: CONSTRAINT; Schema: public; Owner: nguyenngocson0811
--

ALTER TABLE ONLY slideshows
    ADD CONSTRAINT slideshows_pkey PRIMARY KEY (id);


--
-- Name: testimonials_pkey; Type: CONSTRAINT; Schema: public; Owner: nguyenngocson0811
--

ALTER TABLE ONLY testimonials
    ADD CONSTRAINT testimonials_pkey PRIMARY KEY (id);


--
-- Name: tour_images_pkey; Type: CONSTRAINT; Schema: public; Owner: nguyenngocson0811
--

ALTER TABLE ONLY tour_images
    ADD CONSTRAINT tour_images_pkey PRIMARY KEY (id);


--
-- Name: tour_schedules_pkey; Type: CONSTRAINT; Schema: public; Owner: nguyenngocson0811
--

ALTER TABLE ONLY tour_schedules
    ADD CONSTRAINT tour_schedules_pkey PRIMARY KEY (id);


--
-- Name: tours_pkey; Type: CONSTRAINT; Schema: public; Owner: nguyenngocson0811
--

ALTER TABLE ONLY tours
    ADD CONSTRAINT tours_pkey PRIMARY KEY (id);


--
-- Name: user_groups_pkey; Type: CONSTRAINT; Schema: public; Owner: nguyenngocson0811
--

ALTER TABLE ONLY user_groups
    ADD CONSTRAINT user_groups_pkey PRIMARY KEY (id);


--
-- Name: users_pkey; Type: CONSTRAINT; Schema: public; Owner: nguyenngocson0811
--

ALTER TABLE ONLY users
    ADD CONSTRAINT users_pkey PRIMARY KEY (id);


--
-- Name: vouchers_pkey; Type: CONSTRAINT; Schema: public; Owner: nguyenngocson0811
--

ALTER TABLE ONLY vouchers
    ADD CONSTRAINT vouchers_pkey PRIMARY KEY (id);


--
-- Name: wish_lists_pkey; Type: CONSTRAINT; Schema: public; Owner: nguyenngocson0811
--

ALTER TABLE ONLY wish_lists
    ADD CONSTRAINT wish_lists_pkey PRIMARY KEY (id);


--
-- Name: index_conversations_on_recipient_id; Type: INDEX; Schema: public; Owner: nguyenngocson0811
--

CREATE INDEX index_conversations_on_recipient_id ON conversations USING btree (recipient_id);


--
-- Name: index_conversations_on_sender_id; Type: INDEX; Schema: public; Owner: nguyenngocson0811
--

CREATE INDEX index_conversations_on_sender_id ON conversations USING btree (sender_id);


--
-- Name: index_line_item_compares_on_compare_id; Type: INDEX; Schema: public; Owner: nguyenngocson0811
--

CREATE INDEX index_line_item_compares_on_compare_id ON line_item_compares USING btree (compare_id);


--
-- Name: index_line_item_compares_on_product_id; Type: INDEX; Schema: public; Owner: nguyenngocson0811
--

CREATE INDEX index_line_item_compares_on_product_id ON line_item_compares USING btree (product_id);


--
-- Name: index_line_items_on_cart_id; Type: INDEX; Schema: public; Owner: nguyenngocson0811
--

CREATE INDEX index_line_items_on_cart_id ON line_items USING btree (cart_id);


--
-- Name: index_line_items_on_product_id; Type: INDEX; Schema: public; Owner: nguyenngocson0811
--

CREATE INDEX index_line_items_on_product_id ON line_items USING btree (product_id);


--
-- Name: index_messages_on_conversation_id; Type: INDEX; Schema: public; Owner: nguyenngocson0811
--

CREATE INDEX index_messages_on_conversation_id ON messages USING btree (conversation_id);


--
-- Name: index_messages_on_user_id; Type: INDEX; Schema: public; Owner: nguyenngocson0811
--

CREATE INDEX index_messages_on_user_id ON messages USING btree (user_id);


--
-- Name: index_users_on_email; Type: INDEX; Schema: public; Owner: nguyenngocson0811
--

CREATE UNIQUE INDEX index_users_on_email ON users USING btree (email);


--
-- Name: index_users_on_reset_password_token; Type: INDEX; Schema: public; Owner: nguyenngocson0811
--

CREATE UNIQUE INDEX index_users_on_reset_password_token ON users USING btree (reset_password_token);


--
-- Name: unique_schema_migrations; Type: INDEX; Schema: public; Owner: nguyenngocson0811
--

CREATE UNIQUE INDEX unique_schema_migrations ON schema_migrations USING btree (version);


--
-- Name: fk_rails_11e15d5c6b; Type: FK CONSTRAINT; Schema: public; Owner: nguyenngocson0811
--

ALTER TABLE ONLY line_items
    ADD CONSTRAINT fk_rails_11e15d5c6b FOREIGN KEY (product_id) REFERENCES products(id);


--
-- Name: fk_rails_273a25a7a6; Type: FK CONSTRAINT; Schema: public; Owner: nguyenngocson0811
--

ALTER TABLE ONLY messages
    ADD CONSTRAINT fk_rails_273a25a7a6 FOREIGN KEY (user_id) REFERENCES users(id);


--
-- Name: fk_rails_7f927086d2; Type: FK CONSTRAINT; Schema: public; Owner: nguyenngocson0811
--

ALTER TABLE ONLY messages
    ADD CONSTRAINT fk_rails_7f927086d2 FOREIGN KEY (conversation_id) REFERENCES conversations(id);


--
-- Name: fk_rails_af645e8e5f; Type: FK CONSTRAINT; Schema: public; Owner: nguyenngocson0811
--

ALTER TABLE ONLY line_items
    ADD CONSTRAINT fk_rails_af645e8e5f FOREIGN KEY (cart_id) REFERENCES carts(id);


--
-- Name: fk_rails_d6929b2f50; Type: FK CONSTRAINT; Schema: public; Owner: nguyenngocson0811
--

ALTER TABLE ONLY line_item_compares
    ADD CONSTRAINT fk_rails_d6929b2f50 FOREIGN KEY (compare_id) REFERENCES compares(id);


--
-- Name: fk_rails_d72071e038; Type: FK CONSTRAINT; Schema: public; Owner: nguyenngocson0811
--

ALTER TABLE ONLY line_item_compares
    ADD CONSTRAINT fk_rails_d72071e038 FOREIGN KEY (product_id) REFERENCES products(id);


--
-- Name: public; Type: ACL; Schema: -; Owner: postgres
--

REVOKE ALL ON SCHEMA public FROM PUBLIC;
REVOKE ALL ON SCHEMA public FROM postgres;
GRANT ALL ON SCHEMA public TO postgres;
GRANT ALL ON SCHEMA public TO PUBLIC;


--
-- PostgreSQL database dump complete
--

